tle_age_days,error_km
0.25,0.288
0.5,0.2
0.75,0.659
1.0,1.355
1.5,2.033
2.0,2.666
0.25,0.28
0.5,0.52
0.75,0.863
1.0,1.365
1.5,1.677
2.0,2.133
0.25,0.083
0.5,0.088
0.75,0.851
1.0,1.512
1.5,409.405
0.25,0.43
0.5,0.734
0.75,1.131
1.0,389.406
0.25,0.822
0.5,283.71
0.75,440.573
0.25,0.421
0.5,0.88
0.75,1.402
1.0,2.074
1.5,4.87
2.0,8.142
2.5,13.088
3.0,18.519
3.5,25.755
4.0,35.729
4.5,46.05
5.0,57.951
5.5,70.956
6.0,86.004
6.5,102.481
7.0,120.933
0.25,0.414
0.5,0.873
0.75,1.396
1.0,2.067
1.5,4.864
2.0,8.136
2.5,13.081
3.0,18.513
3.5,25.748
4.0,35.722
4.5,46.043
5.0,57.944
5.5,70.95
6.0,85.997
6.5,102.474
7.0,120.926
0.25,0.084
0.5,0.248
0.75,0.174
1.0,1.06
1.5,1.7
2.0,3.853
2.5,6.538
3.0,9.858
3.5,14.748
4.0,20.561
4.5,27.796
5.0,35.665
5.5,43.046
6.0,53.371
6.5,64.621
7.0,77.413
0.25,0.29
0.5,0.057
0.75,0.51
1.0,0.543
1.5,0.627
2.0,2.145
2.5,4.182
3.0,6.781
3.5,10.637
4.0,15.339
4.5,21.509
5.0,28.15
5.5,34.011
6.0,42.774
6.5,52.517
7.0,63.569
0.25,0.336
0.5,0.748
0.75,1.099
1.0,1.263
1.5,2.323
2.0,4.761
2.5,8.241
3.0,12.721
3.5,17.439
4.0,23.5
4.5,31.77
5.0,39.342
5.5,48.152
6.0,59.471
6.5,71.85
7.0,85.631
0.25,0.584
0.5,0.63
0.75,1.167
1.0,1.56
1.5,2.987
2.0,5.461
2.5,9.278
3.0,14.476
3.5,19.639
4.0,25.893
4.5,35.243
5.0,43.237
5.5,52.77
6.0,64.613
6.5,77.826
7.0,92.777
0.25,1.102
0.5,1.581
0.75,1.81
1.0,2.083
1.5,3.918
2.0,7.327
2.5,11.717
3.0,16.867
3.5,22.263
4.0,30.534
4.5,38.904
5.0,47.597
5.5,57.718
6.0,70.654
6.5,84.822
7.0,99.319
0.25,0.159
0.5,0.14
0.75,0.245
1.0,0.338
1.5,0.299
2.0,1.607
2.5,4.273
3.0,6.344
3.5,8.794
4.0,12.816
4.5,16.509
5.0,20.83
5.5,26.057
6.0,33.265
6.5,41.23
7.0,49.805
0.25,0.168
0.5,0.153
0.75,0.239
1.0,0.332
1.5,0.285
2.0,1.593
2.5,4.257
3.0,6.327
3.5,8.775
4.0,12.795
4.5,16.485
5.0,20.804
5.5,26.029
6.0,33.234
6.5,41.196
7.0,49.767
0.25,0.231
0.5,0.444
0.75,0.7
1.0,0.745
1.5,1.507
2.0,3.844
2.5,6.254
3.0,8.388
3.5,12.065
4.0,15.278
4.5,19.847
5.0,25.173
5.5,31.074
6.0,39.187
6.5,47.374
7.0,56.233
0.25,0.225
0.5,0.437
0.75,0.693
1.0,0.739
1.5,1.501
2.0,3.838
2.5,6.248
3.0,8.382
3.5,12.059
4.0,15.271
4.5,19.841
5.0,25.167
5.5,31.067
6.0,39.18
6.5,47.368
7.0,56.227
0.25,0.165
0.5,0.217
0.75,0.19
1.0,0.148
1.5,0.992
2.0,1.61
2.5,2.822
3.0,4.538
3.5,4.924
4.0,6.734
4.5,9.043
5.0,12.501
5.5,16.749
6.0,20.909
6.5,25.93
7.0,30.918
0.25,0.171
0.5,0.223
0.75,0.196
1.0,0.15
1.5,0.985
2.0,1.603
2.5,2.816
3.0,4.531
3.5,4.917
4.0,6.727
4.5,9.037
5.0,12.495
5.5,16.743
6.0,20.902
6.5,25.923
7.0,30.911
0.25,0.091
0.5,0.274
0.75,1.244
1.0,1.554
1.5,2.001
2.0,2.986
2.5,4.799
3.0,5.434
3.5,6.91
4.0,9.106
4.5,12.561
5.0,16.901
5.5,20.461
6.0,25.238
6.5,30.1
7.0,34.948
0.25,0.204
0.5,0.681
0.75,0.817
1.0,0.834
1.5,0.371
2.0,0.635
2.5,0.424
3.0,0.712
3.5,0.176
4.0,0.903
4.5,2.316
5.0,3.827
5.5,5.333
6.0,6.933
6.5,8.728
7.0,9.714
0.25,0.24
0.5,0.374
0.75,0.127
1.0,0.324
1.5,0.469
2.0,0.896
2.5,1.846
3.0,3.791
3.5,6.403
4.0,9.384
4.5,13.054
5.0,16.696
5.5,20.191
6.0,23.526
6.5,27.152
7.0,30.852
0.25,0.24
0.5,0.374
0.75,0.127
1.0,0.324
1.5,0.469
2.0,0.896
2.5,1.846
3.0,3.791
3.5,6.403
4.0,9.384
4.5,13.054
5.0,16.696
5.5,20.191
6.0,23.526
6.5,27.152
7.0,30.852
0.25,0.461
0.5,0.667
0.75,1.095
1.0,2.129
1.5,2.885
2.0,4.98
2.5,7.428
3.0,11.426
3.5,16.774
4.0,21.884
4.5,27.747
5.0,34.079
5.5,40.624
6.0,47.0
6.5,53.834
7.0,60.915
0.25,0.196
0.5,0.243
0.75,0.089
1.0,0.183
1.5,0.595
2.0,1.674
2.5,3.987
3.0,5.843
3.5,8.203
4.0,10.553
4.5,13.07
5.0,14.935
5.5,16.657
6.0,18.842
6.5,20.766
7.0,21.345
0.25,0.708
0.5,1.042
0.75,1.094
1.0,1.561
1.5,1.513
2.0,1.487
2.5,0.405
3.0,0.512
3.5,0.988
4.0,1.655
4.5,2.038
5.0,1.901
5.5,1.217
6.0,1.206
6.5,0.365
7.0,2.671
0.25,0.14
0.5,0.414
0.75,0.446
1.0,0.786
1.5,2.005
2.0,4.208
2.5,6.406
3.0,9.027
3.5,11.484
4.0,13.925
4.5,16.048
5.0,18.021
5.5,20.062
6.0,22.361
6.5,23.498
7.0,24.485
0.25,0.208
0.5,0.49
0.75,0.795
1.0,0.549
1.5,0.136
2.0,0.327
2.5,0.306
3.0,1.096
3.5,2.045
4.0,4.142
4.5,6.685
5.0,9.737
5.5,13.258
6.0,18.01
6.5,23.255
7.0,29.736
0.25,0.208
0.5,0.49
0.75,0.795
1.0,0.549
1.5,0.136
2.0,0.327
2.5,0.306
3.0,1.096
3.5,2.045
4.0,4.142
4.5,6.685
5.0,9.737
5.5,13.258
6.0,18.01
6.5,23.255
7.0,29.736
0.25,0.235
0.5,0.145
0.75,0.506
1.0,0.526
1.5,0.282
2.0,0.882
2.5,1.308
3.0,2.698
3.5,4.561
4.0,7.462
4.5,10.546
5.0,14.724
5.5,19.656
6.0,25.545
6.5,31.742
7.0,39.337
0.25,0.358
0.5,0.429
0.75,0.682
1.0,0.856
1.5,1.878
2.0,3.055
2.5,5.142
3.0,7.947
3.5,12.183
4.0,16.8
4.5,21.705
5.0,28.241
5.5,36.378
6.0,44.501
6.5,53.694
7.0,64.331
0.25,0.094
0.5,0.072
0.75,0.161
1.0,0.656
1.5,1.648
2.0,3.393
2.5,5.389
3.0,9.007
3.5,13.695
4.0,18.285
4.5,23.623
5.0,31.145
5.5,39.831
6.0,48.334
6.5,57.169
7.0,68.767
0.25,0.136
0.5,0.232
0.75,0.309
1.0,1.205
1.5,2.487
2.0,4.874
2.5,7.838
3.0,12.235
3.5,17.666
4.0,23.373
4.5,30.094
5.0,38.879
5.5,48.827
6.0,58.909
6.5,69.518
7.0,82.695
0.25,0.047
0.5,0.024
0.75,0.831
1.0,1.407
1.5,3.07
2.0,5.747
2.5,9.043
3.0,13.86
3.5,19.658
4.0,25.985
4.5,33.159
5.0,42.607
5.5,52.964
6.0,63.375
6.5,75.267
7.0,88.634
0.25,0.68
0.5,0.978
0.75,1.682
1.0,2.373
1.5,4.87
2.0,8.424
2.5,12.98
3.0,18.667
3.5,25.274
4.0,32.559
4.5,41.58
5.0,51.978
5.5,63.534
6.0,75.5
6.5,88.193
7.0,103.11
0.25,0.294
0.5,0.561
0.75,1.255
1.0,2.04
1.5,4.241
2.0,7.507
2.5,11.275
3.0,15.924
3.5,21.492
4.0,28.227
4.5,35.48
5.0,44.463
5.5,54.192
6.0,63.931
6.5,74.187
7.0,86.356
0.25,0.066
0.5,0.177
0.75,0.504
1.0,0.691
1.5,1.789
2.0,3.82
2.5,5.752
3.0,8.408
3.5,11.72
4.0,15.733
4.5,20.233
5.0,25.432
5.5,31.613
6.0,37.778
6.5,43.508
7.0,51.043
0.25,0.364
0.5,0.851
0.75,1.197
1.0,1.789
1.5,3.842
2.0,6.238
2.5,8.611
3.0,11.976
3.5,16.695
4.0,21.395
4.5,26.785
5.0,32.908
5.5,40.034
6.0,46.856
6.5,53.413
7.0,61.861
0.25,0.275
0.5,0.434
0.75,0.476
1.0,0.833
1.5,2.284
2.0,3.579
2.5,5.101
3.0,7.403
3.5,10.834
4.0,13.914
4.5,16.921
5.0,21.772
5.5,26.907
6.0,31.259
6.5,35.411
7.0,41.12
0.25,0.122
0.5,0.283
0.75,0.566
1.0,1.395
1.5,2.721
2.0,3.587
2.5,4.977
3.0,7.752
3.5,10.864
4.0,13.471
4.5,16.14
5.0,20.51
5.5,24.983
6.0,28.419
6.5,31.776
7.0,36.633
0.25,0.076
0.5,0.048
0.75,0.544
1.0,0.864
1.5,1.736
2.0,2.274
2.5,3.096
3.0,5.501
3.5,7.519
4.0,9.133
4.5,11.645
5.0,14.562
5.5,17.669
6.0,19.739
6.5,21.595
7.0,24.823
0.25,0.065
0.5,0.119
0.75,0.654
1.0,1.003
1.5,1.883
2.0,2.405
2.5,3.313
3.0,5.835
3.5,7.901
4.0,9.557
4.5,12.215
5.0,15.295
5.5,18.494
6.0,20.666
6.5,22.727
7.0,26.163
0.25,0.336
0.5,0.441
0.75,0.883
1.0,1.232
1.5,1.88
2.0,2.528
2.5,3.854
3.0,6.208
3.5,8.375
4.0,10.496
4.5,12.453
5.0,15.226
5.5,18.376
6.0,19.705
6.5,21.482
7.0,24.056
0.25,0.058
0.5,0.087
0.75,0.152
1.0,0.12
1.5,0.228
2.0,1.154
2.5,1.83
3.0,3.251
3.5,4.671
4.0,5.824
4.5,6.683
5.0,8.263
5.5,9.867
6.0,10.051
6.5,10.195
7.0,11.218
0.25,0.202
0.5,0.159
0.75,0.225
1.0,0.343
1.5,0.726
2.0,2.063
2.5,3.208
3.0,4.588
3.5,6.603
4.0,8.556
4.5,10.136
5.0,12.275
5.5,14.448
6.0,15.646
6.5,16.532
7.0,18.471
0.25,0.163
0.5,0.075
0.75,0.257
1.0,0.607
1.5,1.805
2.0,3.31
2.5,5.228
3.0,7.186
3.5,9.976
4.0,12.566
4.5,14.614
5.0,17.754
5.5,20.643
6.0,22.758
6.5,24.858
7.0,28.17
0.25,0.17
0.5,0.269
0.75,0.526
1.0,0.938
1.5,2.852
2.0,4.613
2.5,6.119
3.0,9.123
3.5,12.557
4.0,15.443
4.5,17.847
5.0,21.465
5.5,25.025
6.0,27.592
6.5,30.226
7.0,34.225
0.25,0.146
0.5,0.1
0.75,0.513
1.0,1.256
1.5,2.313
2.0,3.687
2.5,4.522
3.0,6.345
3.5,8.448
4.0,9.816
4.5,10.595
5.0,12.257
5.5,13.643
6.0,14.22
6.5,14.799
7.0,15.774
0.25,0.143
0.5,0.145
0.75,0.267
1.0,0.591
1.5,0.836
2.0,0.914
2.5,1.358
3.0,1.626
3.5,1.922
4.0,1.678
4.5,0.286
5.0,1.178
5.5,1.567
6.0,3.881
6.5,5.88
7.0,7.699
0.25,0.138
0.5,0.089
0.75,0.194
1.0,0.145
1.5,0.047
2.0,0.744
2.5,1.552
3.0,2.413
3.5,3.264
4.0,5.483
4.5,8.663
5.0,11.468
5.5,14.84
6.0,19.281
6.5,24.51
7.0,28.858
0.25,0.22
0.5,0.253
0.75,0.128
1.0,0.281
1.5,0.807
2.0,1.697
2.5,3.523
3.0,5.338
3.5,7.24
4.0,10.792
4.5,14.964
5.0,19.43
5.5,24.228
6.0,30.272
6.5,37.379
7.0,43.52
0.25,0.22
0.5,0.253
0.75,0.128
1.0,0.281
1.5,0.807
2.0,1.697
2.5,3.523
3.0,5.338
3.5,7.24
4.0,10.792
4.5,14.964
5.0,19.43
5.5,24.228
6.0,30.272
6.5,37.379
7.0,43.52
0.25,0.409
0.5,0.511
0.75,0.853
1.0,1.243
1.5,2.334
2.0,4.12
2.5,6.652
3.0,9.522
3.5,12.641
4.0,17.592
4.5,23.059
5.0,28.798
5.5,34.913
6.0,42.814
6.5,50.718
7.0,59.607
0.25,0.409
0.5,0.511
0.75,0.853
1.0,1.243
1.5,2.334
2.0,4.12
2.5,6.652
3.0,9.522
3.5,12.641
4.0,17.592
4.5,23.059
5.0,28.798
5.5,34.913
6.0,42.814
6.5,50.718
7.0,59.607
0.25,0.179
0.5,0.194
0.75,1.223
1.0,1.578
1.5,2.475
2.0,3.771
2.5,6.46
3.0,9.15
3.5,12.627
4.0,17.014
4.5,22.353
5.0,27.883
5.5,33.905
6.0,40.684
6.5,48.746
7.0,57.647
0.25,0.18
0.5,0.199
0.75,1.228
1.0,1.583
1.5,2.48
2.0,3.777
2.5,6.465
3.0,9.156
3.5,12.633
4.0,17.019
4.5,22.358
5.0,27.889
5.5,33.91
6.0,40.69
6.5,48.751
7.0,57.652
0.25,0.113
0.5,0.65
0.75,0.663
1.0,0.581
1.5,0.578
2.0,1.349
2.5,2.869
3.0,4.114
3.5,5.758
4.0,8.625
4.5,11.722
5.0,14.498
5.5,17.557
6.0,22.082
6.5,27.461
7.0,32.998
0.25,0.117
0.5,0.644
0.75,0.657
1.0,0.574
1.5,0.572
2.0,1.343
2.5,2.863
3.0,4.108
3.5,5.752
4.0,8.618
4.5,11.715
5.0,14.491
5.5,17.55
6.0,22.076
6.5,27.454
7.0,32.991
0.25,0.678
0.5,0.819
0.75,0.689
1.0,1.138
1.5,1.53
2.0,2.929
2.5,5.217
3.0,7.244
3.5,9.795
4.0,13.501
4.5,17.427
5.0,21.715
5.5,25.731
6.0,31.958
6.5,39.264
7.0,46.064
0.25,0.672
0.5,0.813
0.75,0.683
1.0,1.132
1.5,1.524
2.0,2.922
2.5,5.21
3.0,7.237
3.5,9.789
4.0,13.494
4.5,17.421
5.0,21.709
5.5,25.724
6.0,31.952
6.5,39.257
7.0,46.058
0.25,0.086
0.5,0.443
0.75,0.252
1.0,0.532
1.5,0.966
2.0,1.945
2.5,3.636
3.0,5.793
3.5,8.178
4.0,11.139
4.5,14.401
5.0,18.632
5.5,22.2
6.0,27.719
6.5,34.278
7.0,40.989
0.25,0.187
0.5,0.583
0.75,1.075
1.0,1.994
1.5,3.72
2.0,6.486
2.5,10.09
3.0,14.301
3.5,19.206
4.0,24.713
4.5,31.39
5.0,37.919
5.5,46.087
6.0,55.836
6.5,66.612
7.0,78.147
0.25,0.267
0.5,0.491
0.75,0.46
1.0,0.738
1.5,1.271
2.0,3.262
2.5,5.372
3.0,7.576
3.5,10.301
4.0,14.064
4.5,18.38
5.0,21.562
5.5,26.702
6.0,33.752
6.5,41.111
7.0,48.461
0.25,0.261
0.5,0.485
0.75,0.453
1.0,0.731
1.5,1.264
2.0,3.255
2.5,5.365
3.0,7.569
3.5,10.294
4.0,14.058
4.5,18.373
5.0,21.555
5.5,26.695
6.0,33.745
6.5,41.105
7.0,48.455
0.25,0.172
0.5,0.042
0.75,0.171
1.0,0.298
1.5,0.434
2.0,1.679
2.5,2.642
3.0,3.826
3.5,5.07
4.0,7.286
4.5,8.825
5.0,11.196
5.5,14.314
6.0,18.955
6.5,23.709
7.0,28.778
0.25,0.178
0.5,0.048
0.75,0.167
1.0,0.295
1.5,0.427
2.0,1.673
2.5,2.636
3.0,3.819
3.5,5.063
4.0,7.279
4.5,8.818
5.0,11.19
5.5,14.307
6.0,18.948
6.5,23.702
7.0,28.772
0.25,0.165
0.5,0.386
0.75,0.574
1.0,0.494
1.5,1.174
2.0,2.367
2.5,3.661
3.0,4.754
3.5,6.221
4.0,8.076
4.5,10.222
5.0,12.847
5.5,16.279
6.0,21.264
6.5,26.371
7.0,30.663
0.25,0.131
0.5,0.205
0.75,0.185
1.0,0.279
1.5,0.311
2.0,0.935
2.5,1.145
3.0,1.329
3.5,1.778
4.0,2.316
4.5,3.392
5.0,4.826
5.5,6.603
6.0,9.694
6.5,13.11
7.0,13.911
0.25,0.11
0.5,0.328
0.75,0.596
1.0,1.057
1.5,1.705
2.0,2.378
2.5,3.51
3.0,5.215
3.5,7.006
4.0,8.497
4.5,9.667
5.0,11.18
5.5,12.174
6.0,12.347
6.5,13.243
7.0,15.979
0.25,0.114
0.5,0.335
0.75,0.602
1.0,1.063
1.5,1.711
2.0,2.385
2.5,3.517
3.0,5.221
3.5,7.012
4.0,8.503
4.5,9.674
5.0,11.187
5.5,12.181
6.0,12.353
6.5,13.249
7.0,15.986
0.25,0.136
0.5,0.117
0.75,0.328
1.0,0.381
1.5,0.463
2.0,1.032
2.5,1.769
3.0,2.223
3.5,3.395
4.0,3.936
4.5,3.654
5.0,4.079
5.5,3.679
6.0,2.75
6.5,3.005
7.0,4.24
0.25,0.35
0.5,0.559
0.75,0.925
1.0,1.228
1.5,2.301
2.0,3.071
2.5,3.983
3.0,5.166
3.5,6.832
4.0,9.2
4.5,12.268
5.0,15.672
5.5,19.654
6.0,23.797
6.5,27.11
7.0,30.524
0.25,0.087
0.5,0.086
0.75,0.107
1.0,0.321
1.5,0.405
2.0,0.514
2.5,0.551
3.0,0.632
3.5,0.573
4.0,1.933
4.5,3.392
5.0,5.058
5.5,7.281
6.0,8.195
6.5,9.44
7.0,10.273
0.25,0.12
0.5,0.351
0.75,0.391
1.0,0.531
1.5,1.177
2.0,2.123
2.5,3.167
3.0,4.354
3.5,5.155
4.0,5.398
4.5,5.136
5.0,5.385
5.5,5.806
6.0,6.879
6.5,7.732
7.0,10.083
0.25,0.12
0.5,0.351
0.75,0.391
1.0,0.531
1.5,1.177
2.0,2.123
2.5,3.167
3.0,4.354
3.5,5.155
4.0,5.398
4.5,5.136
5.0,5.385
5.5,5.806
6.0,6.879
6.5,7.732
7.0,10.083
0.25,0.283
0.5,0.325
0.75,0.467
1.0,0.752
1.5,1.636
2.0,2.259
2.5,3.46
3.0,4.393
3.5,5.031
4.0,4.877
4.5,4.412
5.0,4.369
5.5,5.451
6.0,6.225
6.5,6.899
7.0,8.954
0.25,0.289
0.5,0.331
0.75,0.474
1.0,0.758
1.5,1.642
2.0,2.265
2.5,3.466
3.0,4.4
3.5,5.038
4.0,4.884
4.5,4.419
5.0,4.376
5.5,5.457
6.0,6.231
6.5,6.906
7.0,8.961
0.25,0.098
0.5,0.141
0.75,0.133
1.0,0.209
1.5,0.423
2.0,0.954
2.5,0.877
3.0,0.906
3.5,0.216
4.0,1.74
4.5,3.494
5.0,4.394
5.5,4.312
6.0,5.337
6.5,5.796
7.0,5.898
0.25,0.094
0.5,0.084
0.75,0.251
1.0,0.478
1.5,0.428
2.0,1.007
2.5,0.341
3.0,0.706
3.5,1.284
4.0,3.265
4.5,5.791
5.0,5.69
5.5,5.909
6.0,7.519
6.5,8.603
7.0,8.847
0.25,0.098
0.5,0.027
0.75,0.16
1.0,0.27
1.5,0.297
2.0,0.454
2.5,0.912
3.0,2.238
3.5,3.655
4.0,6.333
4.5,8.748
5.0,9.976
5.5,10.996
6.0,12.945
6.5,14.979
7.0,16.128
0.25,0.039
0.5,0.161
0.75,0.129
1.0,0.281
1.5,0.089
2.0,0.848
2.5,2.473
3.0,3.802
3.5,5.878
4.0,9.292
4.5,11.057
5.0,12.593
5.5,14.207
6.0,16.881
6.5,19.276
7.0,21.146
0.25,0.134
0.5,0.398
0.75,1.109
1.0,0.983
1.5,2.326
2.0,4.706
2.5,7.965
3.0,11.499
3.5,15.899
4.0,20.795
4.5,24.999
5.0,29.283
5.5,33.773
6.0,39.787
6.5,45.722
7.0,51.48
0.25,0.181
0.5,0.275
0.75,0.387
1.0,0.538
1.5,0.25
2.0,0.889
2.5,2.318
3.0,3.683
3.5,4.679
4.0,5.491
4.5,6.254
5.0,6.054
5.5,6.123
6.0,7.221
6.5,8.143
7.0,7.873
0.25,0.641
0.5,0.882
0.75,1.107
1.0,1.134
1.5,1.17
2.0,0.731
2.5,0.085
3.0,0.871
3.5,0.656
4.0,1.621
4.5,2.253
5.0,4.223
5.5,6.005
6.0,7.179
6.5,8.551
7.0,11.627
0.25,0.641
0.5,0.882
0.75,1.107
1.0,1.134
1.5,1.17
2.0,0.731
2.5,0.085
3.0,0.871
3.5,0.656
4.0,1.621
4.5,2.253
5.0,4.223
5.5,6.005
6.0,7.179
6.5,8.551
7.0,11.627
0.25,0.088
0.5,0.252
0.75,0.61
1.0,0.993
1.5,1.981
2.0,3.945
2.5,6.271
3.0,7.701
3.5,8.266
4.0,9.554
4.5,10.622
5.0,11.359
5.5,12.007
6.0,13.866
6.5,15.414
7.0,15.691
0.25,0.129
0.5,0.415
0.75,0.82
1.0,1.425
1.5,2.133
2.0,3.868
2.5,6.128
3.0,6.132
3.5,6.117
4.0,7.015
4.5,7.615
5.0,7.433
5.5,7.293
6.0,8.327
6.5,8.766
7.0,98.336
0.25,0.062
0.5,0.242
0.75,0.673
1.0,0.507
1.5,0.672
2.0,1.499
2.5,1.631
3.0,0.66
3.5,1.522
4.0,3.108
4.5,4.434
5.0,7.289
5.5,9.99
6.0,11.932
6.5,14.46
7.0,118.559
0.25,0.062
0.5,0.242
0.75,0.673
1.0,0.507
1.5,0.672
2.0,1.499
2.5,1.631
3.0,0.66
3.5,1.522
4.0,3.108
4.5,4.434
5.0,7.289
5.5,9.99
6.0,11.932
6.5,14.46
7.0,118.559
0.25,0.135
0.5,0.092
0.75,0.412
1.0,0.183
1.5,0.037
2.0,0.609
2.5,0.179
3.0,2.405
3.5,4.85
4.0,7.004
4.5,9.401
5.0,13.108
5.5,17.002
6.0,20.161
6.5,22.978
7.0,138.879
0.25,0.13
0.5,0.086
0.75,0.406
1.0,0.179
1.5,0.043
2.0,0.604
2.5,0.185
3.0,2.411
3.5,4.857
4.0,7.01
4.5,9.408
5.0,13.114
5.5,17.009
6.0,20.168
6.5,22.972
7.0,138.872
0.25,0.244
0.5,0.276
0.75,0.306
1.0,0.38
1.5,0.328
2.0,0.516
2.5,1.916
3.0,4.284
3.5,7.343
4.0,9.916
4.5,12.922
5.0,16.963
5.5,21.458
6.0,25.47
6.5,110.492
7.0,225.906
0.25,0.063
0.5,0.076
0.75,0.144
1.0,0.294
1.5,0.304
2.0,1.986
2.5,4.039
3.0,6.661
3.5,9.646
4.0,13.013
4.5,16.493
5.0,21.046
5.5,25.994
6.0,62.484
6.5,182.437
7.0,297.258
0.25,0.259
0.5,0.109
0.75,0.172
1.0,0.379
1.5,0.842
2.0,3.155
2.5,5.408
3.0,8.62
3.5,11.884
4.0,15.351
4.5,19.001
5.0,24.084
5.5,6.491
6.0,121.114
6.5,240.853
7.0,355.462
0.25,0.027
0.5,0.311
0.75,0.51
1.0,0.431
1.5,2.287
2.0,4.01
2.5,5.977
3.0,8.651
3.5,11.608
4.0,14.088
4.5,16.96
5.0,22.739
5.5,134.839
6.0,251.479
6.5,372.146
7.0,488.262
0.25,0.334
0.5,0.562
0.75,0.134
1.0,0.983
1.5,2.663
2.0,4.135
2.5,5.867
3.0,8.359
3.5,10.918
4.0,13.072
4.5,15.55
5.0,71.278
5.5,183.945
6.0,301.11
6.5,422.41
0.25,0.065
0.5,0.677
0.75,1.46
1.0,2.693
1.5,5.481
2.0,8.503
2.5,11.588
3.0,15.879
3.5,20.339
4.0,24.502
4.5,29.359
5.0,86.076
5.5,195.856
6.0,310.069
6.5,428.293
0.25,0.641
0.5,1.384
0.75,2.559
1.0,3.804
1.5,6.601
2.0,9.636
2.5,12.95
3.0,17.051
3.5,21.637
4.0,26.054
4.5,31.528
5.0,147.037
5.5,257.092
6.0,371.18
6.5,489.107
0.25,0.472
0.5,0.355
0.75,0.382
1.0,0.291
1.5,0.135
2.0,1.053
2.5,2.371
3.0,3.818
3.5,5.275
4.0,8.006
4.5,166.393
5.0,290.988
5.5,410.137
0.25,0.398
0.5,0.798
0.75,1.467
1.0,2.1
1.5,4.066
2.0,6.888
2.5,10.55
3.0,14.333
3.5,18.689
4.0,117.619
4.5,248.984
5.0,376.765
0.25,0.123
0.5,0.392
0.75,0.673
1.0,0.929
1.5,2.361
2.0,4.517
2.5,7.343
3.0,10.015
3.5,13.182
4.0,142.09
4.5,271.764
5.0,398.025
0.25,0.129
0.5,0.4
0.75,0.68
1.0,0.934
1.5,2.368
2.0,4.523
2.5,7.351
3.0,10.022
3.5,13.189
4.0,142.097
4.5,271.771
5.0,398.033
0.25,0.346
0.5,0.702
0.75,1.069
1.0,1.893
1.5,3.633
2.0,6.248
2.5,9.407
3.0,12.524
3.5,83.061
4.0,208.36
4.5,338.223
5.0,465.229
0.25,0.34
0.5,0.695
0.75,1.062
1.0,1.887
1.5,3.627
2.0,6.242
2.5,9.402
3.0,12.519
3.5,83.055
4.0,208.355
4.5,338.218
5.0,465.224
0.25,0.021
0.5,0.075
0.75,0.183
1.0,0.262
1.5,0.376
2.0,1.215
2.5,1.869
3.0,46.08
3.5,163.015
4.0,284.179
4.5,410.016
0.25,0.124
0.5,0.101
0.75,0.163
1.0,0.237
1.5,0.183
2.0,0.786
2.5,0.978
3.0,91.523
3.5,207.878
4.0,328.362
4.5,453.531
0.25,0.189
0.5,0.21
0.75,0.241
1.0,0.306
1.5,0.035
2.0,0.582
2.5,0.418
3.0,121.863
3.5,237.749
4.0,357.798
4.5,482.565
0.25,0.055
0.5,0.105
0.75,0.288
1.0,0.361
1.5,0.668
2.0,1.03
2.5,76.739
3.0,198.03
3.5,313.321
4.0,432.56
0.25,0.055
0.5,0.105
0.75,0.288
1.0,0.361
1.5,0.668
2.0,1.03
2.5,76.739
3.0,198.03
3.5,313.321
4.0,432.56
0.25,0.074
0.5,0.051
0.75,0.145
1.0,0.287
1.5,0.396
2.0,0.481
2.5,155.293
3.0,277.156
3.5,392.886
0.25,0.185
0.5,0.355
0.75,0.517
1.0,0.57
1.5,0.399
2.0,93.961
2.5,219.539
3.0,341.297
3.5,457.811
0.25,0.07
0.5,0.253
0.75,0.636
1.0,1.285
1.5,2.976
2.0,119.866
2.5,242.883
3.0,361.958
3.5,475.141
0.25,0.07
0.5,0.253
0.75,0.636
1.0,1.285
1.5,2.976
2.0,119.866
2.5,242.883
3.0,361.958
3.5,475.141
0.25,0.072
0.5,0.123
0.75,0.123
1.0,0.196
1.5,66.603
2.0,186.773
2.5,311.335
3.0,432.847
0.25,0.072
0.5,0.123
0.75,0.123
1.0,0.196
1.5,66.603
2.0,186.773
2.5,311.335
3.0,432.847
0.25,0.113
0.5,0.244
0.75,0.396
1.0,43.505
1.5,159.565
2.0,278.892
2.5,403.017
0.25,0.141
0.5,0.21
0.75,61.6
1.0,121.646
1.5,237.762
2.0,357.309
2.5,481.84
0.25,0.221
0.5,62.362
0.75,124.288
1.0,184.42
1.5,301.008
2.0,420.701
0.25,0.221
0.5,62.362
0.75,124.288
1.0,184.42
1.5,301.008
2.0,420.701
0.25,0.283
0.5,0.63
0.75,1.045
1.0,2.173
1.5,4.255
2.0,6.911
2.5,10.28
3.0,15.888
3.5,22.897
4.0,31.024
4.5,40.729
5.0,52.315
5.5,64.553
6.0,76.045
6.5,89.188
7.0,104.691
0.25,0.689
0.5,0.505
0.75,1.519
1.0,2.568
1.5,5.312
2.0,8.076
2.5,11.82
3.0,18.277
3.5,26.083
4.0,34.545
4.5,44.697
5.0,57.178
5.5,69.559
6.0,81.193
6.5,94.843
7.0,111.207
0.25,1.203
0.5,5.808
0.75,12.864
1.0,23.115
1.5,51.595
2.0,91.196
2.5,141.58
3.0,202.782
3.5,274.182
4.0,355.594
4.5,447.447
0.25,1.203
0.5,5.808
0.75,12.864
1.0,23.115
1.5,51.595
2.0,91.196
2.5,141.58
3.0,202.782
3.5,274.182
4.0,355.594
4.5,447.447
0.25,0.29
0.5,0.425
0.75,0.744
1.0,1.23
1.5,2.367
2.0,3.394
2.5,5.557
3.0,9.387
3.5,14.385
4.0,19.391
4.5,24.958
5.0,31.666
5.5,38.057
6.0,44.03
6.5,50.838
7.0,60.695
0.25,0.14
0.5,0.344
0.75,0.232
1.0,0.232
1.5,0.356
2.0,1.355
2.5,2.931
3.0,6.421
3.5,10.578
4.0,14.205
4.5,18.21
5.0,23.207
5.5,28.095
6.0,32.213
6.5,37.457
7.0,45.578
0.25,0.13
0.5,0.077
0.75,0.329
1.0,0.662
1.5,1.55
2.0,3.293
2.5,5.917
3.0,10.295
3.5,15.293
4.0,19.868
4.5,24.516
5.0,30.414
5.5,36.467
6.0,41.827
6.5,49.27
7.0,58.255
0.25,0.126
0.5,0.084
0.75,0.335
1.0,0.668
1.5,1.557
2.0,3.3
2.5,5.924
3.0,10.301
3.5,15.3
4.0,19.875
4.5,24.522
5.0,30.421
5.5,36.474
6.0,41.834
6.5,49.277
7.0,58.262
0.25,0.111
0.5,0.178
0.75,0.562
1.0,0.527
1.5,0.07
2.0,1.09
2.5,2.846
3.0,5.415
3.5,7.897
4.0,9.475
4.5,10.997
5.0,13.505
5.5,15.621
6.0,18.152
6.5,21.179
7.0,25.04
0.25,0.06
0.5,0.038
0.75,0.15
1.0,0.346
1.5,1.474
2.0,3.435
2.5,5.822
3.0,9.197
3.5,12.418
4.0,14.929
4.5,17.278
5.0,20.938
5.5,24.503
6.0,28.642
6.5,33.147
7.0,38.348
0.25,0.062
0.5,0.081
0.75,0.264
1.0,0.713
1.5,2.266
2.0,4.733
2.5,7.704
3.0,11.14
3.5,14.853
4.0,17.572
4.5,20.686
5.0,24.739
5.5,28.959
6.0,33.949
6.5,39.141
7.0,44.92
0.25,0.06
0.5,0.082
0.75,0.26
1.0,0.71
1.5,2.266
2.0,4.732
2.5,7.703
3.0,11.138
3.5,14.852
4.0,17.571
4.5,20.686
5.0,24.738
5.5,28.958
6.0,33.947
6.5,39.14
7.0,44.919
0.25,0.234
0.5,0.016
0.75,0.371
1.0,0.949
1.5,2.73
2.0,5.269
2.5,8.25
3.0,11.785
3.5,15.017
4.0,17.545
4.5,20.573
5.0,24.576
5.5,29.42
6.0,33.656
6.5,38.431
7.0,43.895
0.25,0.228
0.5,0.018
0.75,0.377
1.0,0.956
1.5,2.737
2.0,5.276
2.5,8.256
3.0,11.791
3.5,15.023
4.0,17.552
4.5,20.579
5.0,24.583
5.5,29.426
6.0,33.663
6.5,38.437
7.0,43.902
0.25,0.05
0.5,0.057
0.75,0.23
1.0,0.524
1.5,1.645
2.0,2.525
2.5,2.907
3.0,3.249
3.5,2.88
4.0,1.989
4.5,0.448
5.0,1.348
5.5,0.585
6.0,1.585
6.5,2.758
7.0,4.568
0.25,0.032
0.5,0.086
0.75,0.104
1.0,0.502
1.5,0.906
2.0,0.558
2.5,0.648
3.0,2.059
3.5,3.97
4.0,7.264
4.5,10.297
5.0,11.91
5.5,14.741
6.0,19.472
6.5,24.299
7.0,29.459
0.25,0.11
0.5,0.045
0.75,0.215
1.0,0.392
1.5,0.518
2.0,0.509
2.5,1.956
3.0,3.963
3.5,6.317
4.0,10.187
4.5,12.878
5.0,15.623
5.5,19.385
6.0,24.99
6.5,30.817
7.0,36.98
0.25,0.105
0.5,0.039
0.75,0.22
1.0,0.398
1.5,0.524
2.0,0.506
2.5,1.95
3.0,3.957
3.5,6.31
4.0,10.181
4.5,12.872
5.0,15.617
5.5,19.378
6.0,24.983
6.5,30.81
7.0,36.974
0.25,0.109
0.5,0.025
0.75,0.187
1.0,0.327
1.5,1.189
2.0,3.649
2.5,6.888
3.0,10.275
3.5,14.519
4.0,18.974
4.5,23.715
5.0,28.821
5.5,35.429
6.0,43.839
6.5,52.643
7.0,62.511
0.25,0.03
0.5,0.12
0.75,0.112
1.0,0.437
1.5,1.365
2.0,3.453
2.5,6.497
3.0,9.446
3.5,12.838
4.0,16.108
4.5,19.897
5.0,24.257
5.5,29.848
6.0,37.014
6.5,44.578
7.0,53.112
0.25,0.084
0.5,0.048
0.75,0.2
1.0,0.629
1.5,1.506
2.0,3.796
2.5,6.498
3.0,9.481
3.5,12.65
4.0,15.477
4.5,19.004
5.0,23.221
5.5,28.463
6.0,35.322
6.5,42.566
7.0,50.806
0.25,0.088
0.5,0.044
0.75,0.205
1.0,0.634
1.5,1.511
2.0,3.801
2.5,6.503
3.0,9.487
3.5,12.655
4.0,15.482
4.5,19.009
5.0,23.226
5.5,28.468
6.0,35.328
6.5,42.572
7.0,50.811
0.25,0.287
0.5,0.272
0.75,0.204
1.0,0.205
1.5,0.261
2.0,1.738
2.5,3.169
3.0,4.801
3.5,5.396
4.0,7.005
4.5,8.433
5.0,10.259
5.5,13.093
6.0,17.202
6.5,21.861
7.0,26.452
0.25,0.064
0.5,0.012
0.75,0.222
1.0,0.34
1.5,0.838
2.0,1.643
2.5,2.565
3.0,2.005
3.5,1.472
4.0,1.955
4.5,2.326
5.0,2.966
5.5,4.085
6.0,6.978
6.5,9.395
7.0,12.17
0.25,0.196
0.5,0.135
0.75,0.22
1.0,0.358
1.5,0.133
2.0,0.528
2.5,0.725
3.0,3.038
3.5,4.773
4.0,5.914
4.5,7.029
5.0,8.526
5.5,9.078
6.0,8.63
6.5,8.274
7.0,8.357
0.25,0.287
0.5,0.324
0.75,0.43
1.0,0.546
1.5,0.843
2.0,1.291
2.5,2.23
3.0,5.072
3.5,7.464
4.0,9.284
4.5,11.253
5.0,13.46
5.5,14.938
6.0,15.46
6.5,16.277
7.0,17.482
0.25,0.287
0.5,0.324
0.75,0.43
1.0,0.546
1.5,0.843
2.0,1.291
2.5,2.23
3.0,5.072
3.5,7.464
4.0,9.284
4.5,11.253
5.0,13.46
5.5,14.938
6.0,15.46
6.5,16.277
7.0,17.482
0.25,0.096
0.5,0.284
0.75,0.431
1.0,0.741
1.5,1.915
2.0,3.158
2.5,6.11
3.0,9.642
3.5,13.077
4.0,16.056
4.5,19.323
5.0,23.153
5.5,26.065
6.0,28.476
6.5,31.225
7.0,34.937
0.25,0.102
0.5,0.291
0.75,0.438
1.0,0.747
1.5,1.921
2.0,3.164
2.5,6.116
3.0,9.649
3.5,13.084
4.0,16.063
4.5,19.329
5.0,23.16
5.5,26.072
6.0,28.483
6.5,31.232
7.0,34.944
0.25,0.097
0.5,0.011
0.75,0.114
1.0,0.551
1.5,0.996
2.0,3.021
2.5,5.229
3.0,8.115
3.5,10.516
4.0,12.458
4.5,14.626
5.0,16.7
5.5,18.367
6.0,19.276
6.5,20.552
7.0,22.627
0.25,0.083
0.5,0.019
0.75,0.448
1.0,0.682
1.5,1.769
2.0,4.374
2.5,7.078
3.0,9.955
3.5,12.549
4.0,14.817
4.5,17.26
5.0,19.655
5.5,21.533
6.0,22.765
6.5,24.721
7.0,27.519
0.25,0.167
0.5,0.512
0.75,1.025
1.0,1.384
1.5,3.011
2.0,6.347
2.5,9.674
3.0,13.095
3.5,16.485
4.0,19.507
4.5,22.788
5.0,26.047
5.5,28.961
6.0,31.358
6.5,34.656
7.0,38.542
0.25,0.136
0.5,0.559
0.75,0.886
1.0,1.443
1.5,3.874
2.0,6.598
2.5,9.944
3.0,13.518
3.5,16.73
4.0,19.761
4.5,22.65
5.0,26.28
5.5,29.167
6.0,31.586
6.5,34.932
7.0,38.811
0.25,0.273
0.5,0.655
0.75,0.882
1.0,1.585
1.5,4.078
2.0,6.667
2.5,9.412
3.0,12.392
3.5,15.054
4.0,17.324
4.5,19.411
5.0,21.993
5.5,23.913
6.0,25.5
6.5,27.791
7.0,30.418
0.25,0.25
0.5,0.352
0.75,0.292
1.0,0.63
1.5,1.368
2.0,1.775
2.5,1.545
3.0,1.335
3.5,0.177
4.0,2.35
4.5,4.563
5.0,7.42
5.5,10.808
6.0,15.129
6.5,19.388
7.0,23.888
0.25,0.156
0.5,0.189
0.75,1.277
1.0,1.756
1.5,2.749
2.0,2.868
2.5,2.71
3.0,2.431
3.5,1.205
4.0,1.498
4.5,3.862
5.0,6.589
5.5,9.809
6.0,14.167
6.5,18.5
7.0,23.154
0.25,0.156
0.5,0.189
0.75,1.277
1.0,1.756
1.5,2.749
2.0,2.868
2.5,2.71
3.0,2.431
3.5,1.205
4.0,1.498
4.5,3.862
5.0,6.589
5.5,9.809
6.0,14.167
6.5,18.5
7.0,23.154
0.25,0.754
0.5,1.137
0.75,1.482
1.0,1.978
1.5,2.145
2.0,1.591
2.5,0.569
3.0,0.947
3.5,3.289
4.0,6.791
4.5,10.586
5.0,14.342
5.5,18.742
6.0,24.601
6.5,30.581
7.0,37.113
0.25,0.761
0.5,1.144
0.75,1.489
1.0,1.985
1.5,2.152
2.0,1.597
2.5,0.575
3.0,0.942
3.5,3.282
4.0,6.784
4.5,10.58
5.0,14.335
5.5,18.735
6.0,24.594
6.5,30.575
7.0,37.106
0.25,0.126
0.5,0.239
0.75,0.505
1.0,1.04
1.5,2.764
2.0,5.649
2.5,9.192
3.0,13.836
3.5,19.39
4.0,26.425
4.5,33.827
5.0,41.607
5.5,50.619
6.0,61.123
6.5,72.419
7.0,84.995
0.25,0.116
0.5,0.115
0.75,0.122
1.0,0.512
1.5,1.572
2.0,3.426
2.5,5.754
3.0,9.005
3.5,12.835
4.0,17.77
4.5,22.735
5.0,27.756
5.5,33.935
6.0,41.371
6.5,49.47
7.0,58.195
0.25,0.096
0.5,0.39
0.75,0.682
1.0,1.164
1.5,2.348
2.0,4.25
2.5,6.896
3.0,9.764
3.5,13.272
4.0,17.449
4.5,21.465
5.0,25.965
5.5,31.237
6.0,37.959
6.5,45.454
7.0,52.884
0.25,0.101
0.5,0.396
0.75,0.687
1.0,1.17
1.5,2.353
2.0,4.255
2.5,6.901
3.0,9.77
3.5,13.278
4.0,17.455
4.5,21.47
5.0,25.97
5.5,31.242
6.0,37.965
6.5,45.459
7.0,52.889
0.25,0.131
0.5,0.163
0.75,0.279
1.0,0.35
1.5,0.555
2.0,1.552
2.5,2.277
3.0,3.26
3.5,4.197
4.0,5.546
4.5,6.647
5.0,7.641
5.5,9.498
6.0,12.596
6.5,15.477
7.0,15.927
0.25,0.109
0.5,0.179
0.75,0.384
1.0,0.604
1.5,0.961
2.0,0.963
2.5,0.964
3.0,1.451
3.5,1.86
4.0,2.492
4.5,2.934
5.0,4.034
5.5,4.158
6.0,3.345
6.5,2.954
7.0,6.232
0.25,0.146
0.5,0.271
0.75,0.531
1.0,0.806
1.5,1.065
2.0,1.427
2.5,1.713
3.0,2.828
3.5,4.044
4.0,4.977
4.5,6.114
5.0,7.516
5.5,8.009
6.0,8.077
6.5,11.288
7.0,14.722
0.25,0.061
0.5,0.117
0.75,0.271
1.0,0.388
1.5,0.226
2.0,0.37
2.5,0.362
3.0,0.543
3.5,0.48
4.0,0.748
4.5,0.447
5.0,0.934
5.5,0.488
6.0,2.131
6.5,0.323
7.0,2.245
0.25,0.051
0.5,0.106
0.75,0.26
1.0,0.377
1.5,0.216
2.0,0.372
2.5,0.373
3.0,0.545
3.5,0.469
4.0,0.743
4.5,0.437
5.0,0.928
5.5,0.498
6.0,2.142
6.5,0.325
7.0,2.235
0.25,0.058
0.5,0.14
0.75,0.215
1.0,0.239
1.5,0.089
2.0,0.416
2.5,0.414
3.0,0.536
3.5,0.502
4.0,0.912
4.5,0.46
5.0,0.879
5.5,0.472
6.0,1.1
6.5,1.795
7.0,3.965
0.25,0.048
0.5,0.051
0.75,0.438
1.0,0.471
1.5,0.829
2.0,1.611
2.5,1.965
3.0,1.87
3.5,2.227
4.0,3.214
4.5,4.165
5.0,5.664
5.5,7.338
6.0,6.5
6.5,5.728
7.0,5.351
0.25,0.073
0.5,0.124
0.75,0.611
1.0,0.769
1.5,1.292
2.0,2.209
2.5,2.658
3.0,3.001
3.5,3.424
4.0,4.969
4.5,6.613
5.0,8.283
5.5,8.901
6.0,9.459
6.5,8.952
7.0,9.206
0.25,0.373
0.5,0.456
0.75,0.599
1.0,0.829
1.5,1.244
2.0,1.823
2.5,2.06
3.0,2.357
3.5,2.766
4.0,4.193
4.5,5.961
5.0,7.618
5.5,6.791
6.0,7.081
6.5,7.097
7.0,6.417
0.25,0.366
0.5,0.45
0.75,0.593
1.0,0.823
1.5,1.237
2.0,1.817
2.5,2.054
3.0,2.35
3.5,2.759
4.0,4.187
4.5,5.954
5.0,7.611
5.5,6.784
6.0,7.074
6.5,7.091
7.0,6.41
0.25,0.112
0.5,0.378
0.75,0.567
1.0,0.838
1.5,1.126
2.0,1.436
2.5,2.018
3.0,2.555
3.5,3.747
4.0,6.222
4.5,8.311
5.0,7.359
5.5,7.13
6.0,8.038
6.5,8.173
7.0,8.543
0.25,0.151
0.5,0.266
0.75,0.478
1.0,0.562
1.5,0.513
2.0,0.827
2.5,1.045
3.0,1.447
3.5,2.424
4.0,4.286
4.5,6.004
5.0,3.904
5.5,2.837
6.0,3.342
6.5,2.805
7.0,2.834
0.25,0.151
0.5,0.266
0.75,0.478
1.0,0.562
1.5,0.513
2.0,0.827
2.5,1.045
3.0,1.447
3.5,2.424
4.0,4.286
4.5,6.004
5.0,3.904
5.5,2.837
6.0,3.342
6.5,2.805
7.0,2.834
0.25,0.096
0.5,0.1
0.75,0.186
1.0,0.292
1.5,0.872
2.0,1.129
2.5,1.337
3.0,1.634
3.5,0.876
4.0,0.676
4.5,2.589
5.0,4.962
5.5,6.459
6.0,8.081
6.5,9.627
7.0,11.617
0.25,0.101
0.5,0.105
0.75,0.183
1.0,0.288
1.5,0.866
2.0,1.124
2.5,1.332
3.0,1.629
3.5,0.871
4.0,0.676
4.5,2.583
5.0,4.956
5.5,6.454
6.0,8.076
6.5,9.622
7.0,11.612
0.25,0.203
0.5,0.322
0.75,0.691
1.0,1.061
1.5,1.403
2.0,1.622
2.5,1.558
3.0,1.153
3.5,0.456
4.0,2.886
4.5,4.797
5.0,6.606
5.5,8.484
6.0,9.557
6.5,10.893
7.0,12.712
0.25,0.075
0.5,0.049
0.75,0.275
1.0,0.374
1.5,0.287
2.0,0.38
2.5,1.137
3.0,2.355
3.5,3.832
4.0,2.321
4.5,1.229
5.0,1.199
5.5,0.347
6.0,1.391
6.5,1.053
7.0,1.702
0.25,0.042
0.5,0.118
0.75,0.146
1.0,0.209
1.5,0.082
2.0,0.935
2.5,2.394
3.0,3.981
3.5,3.292
4.0,3.26
4.5,3.129
5.0,2.557
5.5,2.464
6.0,3.509
6.5,4.011
7.0,4.822
0.25,0.128
0.5,0.22
0.75,0.145
1.0,0.18
1.5,0.219
2.0,1.292
2.5,3.111
3.0,4.659
3.5,3.682
4.0,3.445
4.5,3.572
5.0,3.189
5.5,3.505
6.0,4.78
6.5,5.736
7.0,6.644
0.25,0.047
0.5,0.177
0.75,0.325
1.0,0.422
1.5,1.198
2.0,2.863
2.5,4.739
3.0,4.837
3.5,4.922
4.0,5.366
4.5,5.333
5.0,5.447
5.5,6.277
6.0,7.936
6.5,9.532
7.0,10.962
0.25,0.238
0.5,0.415
0.75,0.567
1.0,0.931
1.5,2.081
2.0,4.356
2.5,6.546
3.0,5.821
3.5,5.754
4.0,6.712
4.5,7.236
5.0,8.076
5.5,9.514
6.0,11.806
6.5,13.987
7.0,15.883
0.25,0.076
0.5,0.007
0.75,0.155
1.0,0.175
1.5,0.646
2.0,1.792
2.5,2.932
3.0,0.526
3.5,1.684
4.0,2.462
4.5,3.641
5.0,4.926
5.5,5.857
6.0,6.074
6.5,6.396
7.0,7.628
0.25,0.159
0.5,0.146
0.75,0.08
1.0,0.145
1.5,0.596
2.0,1.443
2.5,0.818
3.0,3.066
3.5,4.902
4.0,6.925
4.5,8.815
5.0,11.071
5.5,12.938
6.0,14.231
6.5,16.117
7.0,18.446
0.25,0.114
0.5,0.056
0.75,0.371
1.0,0.497
1.5,0.844
2.0,1.302
2.5,3.347
3.0,5.867
3.5,8.815
4.0,11.293
4.5,13.896
5.0,17.084
5.5,19.746
6.0,22.035
6.5,25.137
7.0,29.163
0.25,0.046
0.5,0.317
0.75,0.453
1.0,0.655
1.5,0.685
2.0,2.805
2.5,5.738
3.0,8.111
3.5,11.056
4.0,13.326
4.5,16.17
5.0,19.373
5.5,22.264
6.0,24.917
6.5,28.579
7.0,32.713
0.25,0.101
0.5,0.52
0.75,0.902
1.0,0.995
1.5,0.59
2.0,2.417
2.5,4.341
3.0,7.109
3.5,9.501
4.0,11.45
4.5,13.568
5.0,16.041
5.5,18.199
6.0,20.24
6.5,22.999
7.0,26.235
0.25,0.208
0.5,0.141
0.75,0.18
1.0,0.199
1.5,2.997
2.0,6.081
2.5,9.48
3.0,13.978
3.5,18.274
4.0,22.379
4.5,27.018
5.0,32.211
5.5,37.305
6.0,42.465
6.5,48.76
7.0,56.031
0.25,0.159
0.5,0.098
0.75,0.094
1.0,2.398
1.5,5.093
2.0,8.052
2.5,11.638
3.0,15.557
3.5,19.172
4.0,22.758
4.5,26.414
5.0,30.897
5.5,35.33
6.0,39.913
6.5,45.313
7.0,52.674
0.25,0.171
0.5,0.387
0.75,2.147
1.0,3.005
1.5,5.585
2.0,7.288
2.5,9.426
3.0,11.355
3.5,13.292
4.0,14.561
4.5,15.914
5.0,17.915
5.5,19.768
6.0,21.235
6.5,24.352
7.0,27.69
0.25,1.934
0.5,2.993
0.75,4.436
1.0,5.883
1.5,8.659
2.0,11.83
2.5,14.87
3.0,18.18
3.5,21.415
4.0,24.242
4.5,27.639
5.0,31.432
5.5,35.66
6.0,40.384
6.5,45.642
7.0,51.816
0.25,0.379
0.5,0.857
0.75,1.185
1.0,2.733
1.5,5.432
2.0,9.991
2.5,15.724
3.0,22.442
3.5,30.854
4.0,41.004
4.5,51.683
5.0,63.133
5.5,75.91
6.0,88.851
6.5,103.173
7.0,204.753
0.25,0.461
0.5,0.768
0.75,2.209
1.0,3.235
1.5,6.51
2.0,11.822
2.5,18.222
3.0,25.752
3.5,34.832
4.0,45.631
4.5,57.375
5.0,69.397
5.5,82.252
6.0,96.76
6.5,111.97
7.0,245.703
0.25,0.329
0.5,0.486
0.75,1.907
1.0,2.76
1.5,5.661
2.0,10.461
2.5,16.076
3.0,22.757
3.5,30.815
4.0,40.402
4.5,50.282
5.0,61.257
5.5,72.309
6.0,84.97
6.5,98.119
7.0,240.04
0.25,0.747
0.5,1.304
0.75,1.98
1.0,3.008
1.5,6.117
2.0,10.731
2.5,16.215
3.0,22.752
3.5,30.465
4.0,39.429
4.5,48.702
5.0,58.733
5.5,68.541
6.0,80.272
6.5,184.205
7.0,274.321
0.25,0.758
0.5,1.316
0.75,1.992
1.0,3.02
1.5,6.129
2.0,10.742
2.5,16.227
3.0,22.764
3.5,30.476
4.0,39.441
4.5,48.714
5.0,58.744
5.5,68.553
6.0,80.284
6.5,184.217
7.0,274.333
0.25,0.204
0.5,0.482
0.75,0.973
1.0,1.7
1.5,3.526
2.0,6.0
2.5,8.966
3.0,11.993
3.5,15.79
4.0,19.465
4.5,22.709
5.0,26.178
5.5,29.895
6.0,148.709
6.5,233.759
7.0,315.834
0.25,0.198
0.5,0.476
0.75,0.967
1.0,1.693
1.5,3.519
2.0,5.993
2.5,8.959
3.0,11.986
3.5,15.784
4.0,19.458
4.5,22.702
5.0,26.172
5.5,29.888
6.0,148.702
6.5,233.753
7.0,315.827
0.25,0.118
0.5,0.211
0.75,0.491
1.0,0.686
1.5,1.043
2.0,2.066
2.5,3.052
3.0,3.634
3.5,4.056
4.0,4.621
4.5,3.715
5.0,3.224
5.5,85.467
6.0,167.722
6.5,247.43
7.0,323.766
0.25,0.237
0.5,0.311
0.75,0.648
1.0,0.898
1.5,1.716
2.0,2.714
2.5,3.962
3.0,6.579
3.5,10.057
4.0,13.694
4.5,17.826
5.0,94.916
5.5,168.787
6.0,246.257
6.5,320.892
7.0,392.155
0.25,0.237
0.5,0.311
0.75,0.648
1.0,0.898
1.5,1.716
2.0,2.714
2.5,3.962
3.0,6.579
3.5,10.057
4.0,13.694
4.5,17.826
5.0,94.916
5.5,168.787
6.0,246.257
6.5,320.892
7.0,392.155
0.25,0.08
0.5,0.244
0.75,0.331
1.0,0.66
1.5,1.264
2.0,2.203
2.5,3.75
3.0,5.689
3.5,9.512
4.0,12.763
4.5,64.961
5.0,137.544
5.5,211.92
6.0,289.582
6.5,364.643
7.0,435.902
0.25,0.08
0.5,0.244
0.75,0.331
1.0,0.66
1.5,1.264
2.0,2.203
2.5,3.75
3.0,5.689
3.5,9.512
4.0,12.763
4.5,64.961
5.0,137.544
5.5,211.92
6.0,289.582
6.5,364.643
7.0,435.902
0.25,0.283
0.5,0.373
0.75,0.576
1.0,0.692
1.5,0.771
2.0,0.78
2.5,0.474
3.0,1.503
3.5,2.67
4.0,68.881
4.5,147.849
5.0,223.312
5.5,300.157
6.0,381.187
6.5,458.82
0.25,0.276
0.5,0.367
0.75,0.57
1.0,0.686
1.5,0.764
2.0,0.774
2.5,0.467
3.0,1.509
3.5,2.676
4.0,68.874
4.5,147.843
5.0,223.305
5.5,300.15
6.0,381.181
6.5,458.814
0.25,0.149
0.5,0.125
0.75,0.153
1.0,0.179
1.5,0.109
2.0,0.916
2.5,2.534
3.0,4.29
3.5,6.374
4.0,116.272
4.5,194.689
5.0,269.658
5.5,346.334
6.0,426.68
0.25,0.149
0.5,0.125
0.75,0.154
1.0,0.179
1.5,0.111
2.0,0.914
2.5,2.531
3.0,4.287
3.5,6.369
4.0,116.278
4.5,194.695
5.0,269.666
5.5,346.343
6.0,426.691
0.25,0.153
0.5,0.259
0.75,0.145
1.0,0.656
1.5,0.945
2.0,3.186
2.5,4.56
3.0,70.132
3.5,146.998
4.0,227.73
4.5,305.995
5.0,381.524
5.5,458.119
0.25,0.153
0.5,0.259
0.75,0.145
1.0,0.656
1.5,0.945
2.0,3.186
2.5,4.56
3.0,70.132
3.5,146.998
4.0,227.73
4.5,305.995
5.0,381.524
5.5,458.119
0.25,0.107
0.5,0.06
0.75,0.526
1.0,0.848
1.5,2.419
2.0,3.906
2.5,5.5
3.0,110.33
3.5,187.14
4.0,267.903
4.5,346.408
5.0,421.824
5.5,498.141
0.25,0.604
0.5,1.035
0.75,1.415
1.0,2.161
1.5,5.105
2.0,7.577
2.5,91.968
3.0,165.925
3.5,241.267
4.0,320.299
4.5,396.881
5.0,469.688
0.25,0.61
0.5,1.042
0.75,1.422
1.0,2.168
1.5,5.111
2.0,7.584
2.5,91.961
3.0,165.919
3.5,241.26
4.0,320.292
4.5,396.875
5.0,469.681
0.25,0.154
0.5,0.164
0.75,1.345
1.0,2.029
1.5,3.481
2.0,68.001
2.5,147.161
3.0,222.634
3.5,299.227
4.0,380.213
4.5,458.038
0.25,0.16
0.5,0.171
0.75,1.351
1.0,2.036
1.5,3.488
2.0,67.994
2.5,147.154
3.0,222.627
3.5,299.221
4.0,380.206
4.5,458.031
0.25,0.103
0.5,0.967
0.75,1.461
1.0,2.076
1.5,3.496
2.0,109.62
2.5,189.165
3.0,265.113
3.5,342.596
4.0,424.141
0.25,1.048
0.5,1.623
0.75,2.211
1.0,2.836
1.5,58.061
2.0,138.797
2.5,218.048
3.0,293.197
3.5,370.227
4.0,450.509
0.25,1.016
0.5,1.378
0.75,1.649
1.0,2.349
1.5,90.146
2.0,171.881
2.5,251.67
3.0,328.113
3.5,406.35
4.0,487.799
0.25,0.093
0.5,0.159
0.75,0.512
1.0,0.553
1.5,105.087
2.0,188.781
2.5,270.878
3.0,350.203
3.5,431.567
0.25,0.09
0.5,0.152
0.75,0.506
1.0,0.547
1.5,105.08
2.0,188.774
2.5,270.871
3.0,350.196
3.5,431.56
0.25,0.21
0.5,0.052
0.75,69.461
1.0,107.826
1.5,186.892
2.0,269.979
2.5,351.18
3.0,429.78
0.25,42.175
0.5,82.33
0.75,121.513
1.0,160.577
1.5,240.84
2.0,325.058
2.5,408.02
3.0,488.191
0.25,0.241
0.5,0.314
0.75,0.637
1.0,0.692
1.5,1.151
2.0,2.063
2.5,2.214
3.0,0.807
3.5,1.035
4.0,0.844
4.5,0.283
5.0,0.918
5.5,0.782
6.0,2.473
6.5,3.614
7.0,4.55
0.25,0.156
0.5,0.213
0.75,0.228
1.0,0.585
1.5,1.303
2.0,1.706
2.5,0.155
3.0,0.767
3.5,0.251
4.0,1.21
4.5,1.677
5.0,2.911
5.5,4.518
6.0,6.856
6.5,8.484
7.0,9.251
0.25,0.078
0.5,0.195
0.75,0.061
1.0,0.115
1.5,0.251
2.0,2.486
2.5,3.629
3.0,5.036
3.5,5.151
4.0,5.694
4.5,5.794
5.0,6.223
5.5,5.523
6.0,5.747
6.5,6.445
7.0,9.569
0.25,0.073
0.5,0.08
0.75,0.12
1.0,0.132
1.5,0.317
2.0,2.985
2.5,4.221
3.0,5.663
3.5,6.004
4.0,6.816
4.5,7.181
5.0,7.741
5.5,7.465
6.0,8.105
6.5,9.411
7.0,13.08
0.25,0.239
0.5,0.406
0.75,1.343
1.0,1.796
1.5,6.277
2.0,8.918
2.5,11.495
3.0,14.402
3.5,17.979
4.0,21.157
4.5,24.707
5.0,28.137
5.5,32.538
6.0,38.533
6.5,46.476
7.0,56.89
0.25,0.57
0.5,0.831
0.75,1.119
1.0,2.619
1.5,6.438
2.0,8.767
2.5,10.431
3.0,13.38
3.5,15.886
4.0,18.439
4.5,20.897
5.0,24.036
5.5,28.135
6.0,34.437
6.5,42.366
7.0,52.786
0.25,1.162
0.5,3.305
0.75,3.868
1.0,5.034
1.5,6.503
2.0,7.543
2.5,9.283
3.0,11.099
3.5,12.428
4.0,13.823
4.5,15.961
5.0,19.88
5.5,25.461
6.0,32.588
6.5,41.918
7.0,53.281
0.25,1.739
0.5,1.793
0.75,2.062
1.0,1.85
1.5,0.189
2.0,0.369
2.5,0.567
3.0,2.245
3.5,4.986
4.0,6.013
4.5,6.523
5.0,6.466
5.5,4.879
6.0,1.443
6.5,4.318
7.0,10.709
0.25,0.257
0.5,0.667
0.75,1.153
1.0,2.131
1.5,5.404
2.0,8.43
2.5,12.335
3.0,17.093
3.5,23.273
4.0,28.838
4.5,34.298
5.0,38.665
5.5,42.104
6.0,44.275
6.5,45.143
7.0,45.616
0.25,1.003
0.5,1.628
0.75,2.624
1.0,4.282
1.5,8.061
2.0,11.873
2.5,16.631
3.0,22.672
3.5,29.767
4.0,36.225
4.5,42.203
5.0,47.323
5.5,51.375
6.0,54.132
6.5,56.116
7.0,57.535
0.25,0.258
0.5,0.814
0.75,1.489
1.0,1.987
1.5,2.725
2.0,3.922
2.5,5.048
3.0,7.064
3.5,8.223
4.0,7.892
4.5,5.939
5.0,2.547
5.5,3.256
6.0,10.097
6.5,18.409
7.0,25.844
0.25,0.252
0.5,0.807
0.75,1.483
1.0,1.98
1.5,2.718
2.0,3.915
2.5,5.041
3.0,7.058
3.5,8.217
4.0,7.885
4.5,5.932
5.0,2.541
5.5,3.263
6.0,10.103
6.5,18.416
7.0,25.85
0.25,0.188
0.5,0.326
0.75,0.141
1.0,0.623
1.5,1.528
2.0,2.993
2.5,4.437
3.0,6.593
3.5,10.157
4.0,16.406
4.5,24.313
5.0,34.765
5.5,47.445
6.0,61.919
6.5,76.691
7.0,90.265
0.25,0.224
0.5,0.152
0.75,0.39
1.0,0.686
1.5,1.446
2.0,2.35
2.5,3.327
3.0,5.151
3.5,9.036
4.0,14.684
4.5,22.375
5.0,32.701
5.5,44.642
6.0,58.459
6.5,71.515
7.0,82.928
0.25,0.224
0.5,0.152
0.75,0.39
1.0,0.686
1.5,1.446
2.0,2.35
2.5,3.327
3.0,5.151
3.5,9.036
4.0,14.684
4.5,22.375
5.0,32.701
5.5,44.642
6.0,58.459
6.5,71.515
7.0,82.928
0.25,0.45
0.5,0.52
0.75,0.486
1.0,0.716
1.5,0.711
2.0,1.089
2.5,2.038
3.0,4.162
3.5,8.326
4.0,14.355
4.5,22.295
5.0,32.173
5.5,43.531
6.0,54.587
6.5,63.379
7.0,73.548
0.25,0.445
0.5,0.515
0.75,0.481
1.0,0.711
1.5,0.706
2.0,1.084
2.5,2.033
3.0,4.157
3.5,8.321
4.0,14.35
4.5,22.29
5.0,32.168
5.5,43.526
6.0,54.582
6.5,63.373
7.0,73.542
0.25,0.238
0.5,0.114
0.75,0.116
1.0,0.249
1.5,0.796
2.0,0.575
2.5,0.536
3.0,3.499
3.5,7.976
4.0,14.306
4.5,22.023
5.0,32.239
5.5,43.032
6.0,52.026
6.5,58.634
7.0,68.01
0.25,0.232
0.5,0.458
0.75,1.144
1.0,1.765
1.5,2.341
2.0,1.659
2.5,0.455
3.0,4.284
3.5,9.87
4.0,16.456
4.5,24.435
5.0,31.478
5.5,36.205
6.0,41.861
6.5,48.057
7.0,54.507
0.25,0.232
0.5,0.458
0.75,1.144
1.0,1.765
1.5,2.341
2.0,1.659
2.5,0.455
3.0,4.284
3.5,9.87
4.0,16.456
4.5,24.435
5.0,31.478
5.5,36.205
6.0,41.861
6.5,48.057
7.0,54.507
0.25,0.141
0.5,0.109
0.75,0.179
1.0,0.569
1.5,2.106
2.0,6.14
2.5,11.604
3.0,19.243
3.5,28.858
4.0,40.052
4.5,51.302
5.0,60.957
5.5,71.248
6.0,82.486
6.5,93.88
7.0,106.977
0.25,0.147
0.5,0.115
0.75,0.185
1.0,0.576
1.5,2.112
2.0,6.147
2.5,11.61
3.0,19.25
3.5,28.864
4.0,40.059
4.5,51.309
5.0,60.963
5.5,71.255
6.0,82.492
6.5,93.886
7.0,106.983
0.25,0.111
0.5,0.105
0.75,0.582
1.0,1.114
1.5,3.824
2.0,7.929
2.5,14.081
3.0,22.86
3.5,33.296
4.0,44.98
4.5,56.549
5.0,66.532
5.5,77.54
6.0,89.38
6.5,101.502
7.0,115.74
0.25,0.118
0.5,0.093
0.75,0.57
1.0,1.102
1.5,3.812
2.0,7.917
2.5,14.069
3.0,22.848
3.5,33.284
4.0,44.968
4.5,56.537
5.0,66.52
5.5,77.528
6.0,89.368
6.5,101.49
7.0,115.728
0.25,0.308
0.5,0.498
0.75,1.216
1.0,2.596
1.5,6.29
2.0,11.217
2.5,18.191
3.0,27.079
3.5,37.27
4.0,45.856
4.5,52.402
5.0,60.718
5.5,69.596
6.0,78.186
6.5,88.149
7.0,98.559
0.25,0.315
0.5,0.504
0.75,1.223
1.0,2.602
1.5,6.297
2.0,11.224
2.5,18.198
3.0,27.086
3.5,37.276
4.0,45.862
4.5,52.409
5.0,60.725
5.5,69.602
6.0,78.193
6.5,88.156
7.0,98.566
0.25,0.08
0.5,0.321
0.75,1.155
1.0,2.645
1.5,6.116
2.0,10.588
2.5,16.233
3.0,24.39
3.5,32.594
4.0,38.226
4.5,41.333
5.0,47.161
5.5,52.565
6.0,58.469
6.5,64.357
7.0,71.352
0.25,0.106
0.5,0.572
0.75,1.057
1.0,2.018
1.5,4.057
2.0,6.454
2.5,10.008
3.0,13.467
3.5,14.475
4.0,12.116
4.5,10.754
5.0,9.234
5.5,7.053
6.0,4.666
6.5,1.335
7.0,2.44
0.25,0.284
0.5,0.336
0.75,0.84
1.0,1.166
1.5,2.783
2.0,4.513
2.5,6.534
3.0,6.313
3.5,2.804
4.0,1.002
4.5,4.67
5.0,9.885
5.5,14.904
6.0,21.168
6.5,27.877
7.0,35.567
0.25,0.279
0.5,0.523
0.75,0.823
1.0,1.611
1.5,3.315
2.0,5.354
2.5,6.009
3.0,3.435
3.5,0.212
4.0,3.47
4.5,8.242
5.0,13.198
5.5,18.927
6.0,25.085
6.5,32.284
7.0,40.263
0.25,0.382
0.5,0.688
0.75,0.918
1.0,1.606
1.5,2.525
2.0,1.773
2.5,2.735
3.0,7.669
3.5,12.894
4.0,19.272
4.5,25.898
5.0,34.043
5.5,42.277
6.0,51.581
6.5,61.984
7.0,73.52
0.25,0.05
0.5,0.143
0.75,0.125
1.0,0.25
1.5,2.433
2.0,8.02
2.5,14.916
3.0,22.862
3.5,32.294
4.0,42.152
4.5,53.691
5.0,66.221
5.5,79.873
6.0,94.877
6.5,111.507
7.0,128.952
0.25,0.557
0.5,0.871
0.75,1.492
1.0,1.862
1.5,0.257
2.0,4.408
2.5,8.746
3.0,13.518
3.5,19.145
4.0,24.609
4.5,31.419
5.0,38.585
5.5,46.267
6.0,54.583
6.5,64.193
7.0,74.182
0.25,0.384
0.5,0.454
0.75,0.349
1.0,1.306
1.5,6.458
2.0,11.672
2.5,17.3
3.0,24.058
3.5,30.849
4.0,38.897
4.5,47.268
5.0,56.598
5.5,66.543
6.0,77.719
6.5,89.5
7.0,102.248
0.25,0.144
0.5,0.756
0.75,1.507
1.0,4.451
1.5,8.711
2.0,13.259
2.5,18.678
3.0,23.86
3.5,29.875
4.0,36.192
4.5,43.128
5.0,50.546
5.5,58.475
6.0,67.144
6.5,76.701
7.0,86.204
0.25,1.135
0.5,1.847
0.75,5.07
1.0,7.049
1.5,11.274
2.0,15.361
2.5,19.942
3.0,24.736
3.5,30.125
4.0,35.385
4.5,41.208
5.0,47.337
5.5,53.946
6.0,61.129
6.5,68.917
7.0,76.69
0.25,1.529
0.5,2.506
0.75,3.246
1.0,3.859
1.5,4.327
2.0,4.947
2.5,4.404
3.0,3.792
3.5,2.083
4.0,0.912
4.5,1.514
5.0,4.194
5.5,7.312
6.0,10.299
6.5,13.62
7.0,17.645
0.25,0.037
0.5,0.159
0.75,0.141
1.0,0.244
1.5,0.726
2.0,0.938
2.5,1.87
3.0,2.692
3.5,3.696
4.0,5.116
4.5,7.286
5.0,9.298
5.5,11.535
6.0,14.466
6.5,18.369
7.0,22.511
0.25,0.3
0.5,0.404
0.75,0.543
1.0,0.462
1.5,0.981
2.0,1.13
2.5,1.54
3.0,1.931
3.5,2.086
4.0,2.104
4.5,1.79
5.0,1.873
5.5,1.607
6.0,1.346
6.5,1.105
7.0,2.922
0.25,0.307
0.5,0.411
0.75,0.55
1.0,0.468
1.5,0.988
2.0,1.136
2.5,1.547
3.0,1.937
3.5,2.093
4.0,2.11
4.5,1.796
5.0,1.878
5.5,1.614
6.0,1.349
6.5,1.099
7.0,2.916
0.25,0.204
0.5,0.699
0.75,0.929
1.0,1.022
1.5,1.975
2.0,2.941
2.5,4.34
3.0,6.082
3.5,8.127
4.0,10.619
4.5,13.853
5.0,16.857
5.5,20.251
6.0,25.259
6.5,30.883
7.0,36.784
0.25,0.189
0.5,0.673
0.75,0.887
1.0,0.96
1.5,1.86
2.0,2.773
2.5,4.107
3.0,5.765
3.5,7.712
4.0,10.106
4.5,13.226
5.0,16.099
5.5,19.35
6.0,24.214
6.5,29.679
7.0,35.4
0.25,0.351
0.5,0.348
0.75,0.137
1.0,0.245
1.5,0.612
2.0,0.912
2.5,1.418
3.0,2.116
3.5,3.05
4.0,4.487
4.5,6.25
5.0,7.787
5.5,9.866
6.0,13.169
6.5,17.069
7.0,20.84
0.25,0.26
0.5,0.227
0.75,0.156
1.0,0.374
1.5,0.536
2.0,1.251
2.5,2.287
3.0,3.803
3.5,5.02
4.0,7.161
4.5,9.514
5.0,12.339
5.5,15.29
6.0,19.801
6.5,24.891
7.0,30.173
0.25,0.266
0.5,0.234
0.75,0.162
1.0,0.369
1.5,0.529
2.0,1.245
2.5,2.28
3.0,3.797
3.5,5.014
4.0,7.154
4.5,9.507
5.0,12.333
5.5,15.283
6.0,19.794
6.5,24.885
7.0,30.166
0.25,0.057
0.5,0.464
0.75,0.677
1.0,0.677
1.5,1.281
2.0,2.3
2.5,3.361
3.0,5.073
3.5,6.705
4.0,9.12
4.5,11.956
5.0,15.229
5.5,19.137
6.0,23.846
6.5,29.731
7.0,34.877
0.25,0.053
0.5,0.457
0.75,0.671
1.0,0.67
1.5,1.275
2.0,2.293
2.5,3.354
3.0,5.067
3.5,6.698
4.0,9.113
4.5,11.949
5.0,15.222
5.5,19.131
6.0,23.839
6.5,29.724
7.0,34.871
0.25,0.348
0.5,0.501
0.75,0.401
1.0,0.687
1.5,1.115
2.0,1.917
2.5,3.351
3.0,4.49
3.5,5.898
4.0,7.915
4.5,10.793
5.0,13.741
5.5,17.045
6.0,21.701
6.5,26.906
7.0,31.75
0.25,0.342
0.5,0.495
0.75,0.394
1.0,0.681
1.5,1.108
2.0,1.91
2.5,3.344
3.0,4.483
3.5,5.892
4.0,7.908
4.5,10.786
5.0,13.734
5.5,17.038
6.0,21.694
6.5,26.899
7.0,31.744
0.25,0.236
0.5,0.232
0.75,0.226
1.0,0.327
1.5,0.336
2.0,0.507
2.5,0.267
3.0,0.917
3.5,0.702
4.0,1.96
4.5,3.475
5.0,5.131
5.5,6.767
6.0,9.678
6.5,12.756
7.0,15.188
0.25,0.243
0.5,0.239
0.75,0.232
1.0,0.332
1.5,0.342
2.0,0.507
2.5,0.26
3.0,0.912
3.5,0.695
4.0,1.954
4.5,3.469
5.0,5.124
5.5,6.76
6.0,9.672
6.5,12.75
7.0,15.181
0.25,0.182
0.5,0.413
0.75,0.619
1.0,0.917
1.5,1.554
2.0,2.583
2.5,4.245
3.0,5.455
3.5,6.87
4.0,9.853
4.5,13.355
5.0,16.886
5.5,20.878
6.0,25.629
6.5,31.063
7.0,35.753
0.25,0.176
0.5,0.407
0.75,0.613
1.0,0.911
1.5,1.547
2.0,2.577
2.5,4.239
3.0,5.449
3.5,6.863
4.0,9.846
4.5,13.348
5.0,16.879
5.5,20.871
6.0,25.622
6.5,31.056
7.0,35.746
0.25,0.079
0.5,0.026
0.75,0.102
1.0,0.206
1.5,0.02
2.0,0.505
2.5,0.763
3.0,1.072
3.5,1.464
4.0,3.099
4.5,4.969
5.0,6.666
5.5,8.347
6.0,11.074
6.5,13.78
7.0,15.696
0.25,0.048
0.5,0.161
0.75,0.42
1.0,0.405
1.5,0.707
2.0,1.055
2.5,1.233
3.0,1.698
3.5,1.852
4.0,1.536
4.5,0.42
5.0,1.014
5.5,0.442
6.0,1.625
6.5,1.955
7.0,2.404
0.25,0.048
0.5,0.161
0.75,0.42
1.0,0.405
1.5,0.707
2.0,1.055
2.5,1.233
3.0,1.698
3.5,1.852
4.0,1.536
4.5,0.42
5.0,1.014
5.5,0.442
6.0,1.625
6.5,1.955
7.0,2.404
0.25,0.18
0.5,0.548
0.75,0.666
1.0,0.718
1.5,1.185
2.0,2.095
2.5,3.27
3.0,4.972
3.5,7.115
4.0,9.697
4.5,13.37
5.0,16.356
5.5,19.601
6.0,23.668
6.5,27.951
7.0,31.944
0.25,0.182
0.5,0.611
0.75,0.889
1.0,1.081
1.5,1.747
2.0,3.391
2.5,5.562
3.0,8.112
3.5,11.004
4.0,14.092
4.5,17.943
5.0,21.387
5.5,24.646
6.0,29.054
6.5,34.36
7.0,40.5
0.25,0.188
0.5,0.616
0.75,0.895
1.0,1.086
1.5,1.753
2.0,3.398
2.5,5.569
3.0,8.119
3.5,11.01
4.0,14.099
4.5,17.951
5.0,21.395
5.5,24.653
6.0,29.062
6.5,34.368
7.0,40.508
0.25,0.207
0.5,0.264
0.75,0.24
1.0,0.358
1.5,0.734
2.0,1.785
2.5,3.382
3.0,4.996
3.5,6.711
4.0,9.065
4.5,11.476
5.0,13.373
5.5,15.297
6.0,18.146
6.5,22.382
7.0,26.897
0.25,0.201
0.5,0.257
0.75,0.234
1.0,0.352
1.5,0.728
2.0,1.779
2.5,3.375
3.0,4.99
3.5,6.704
4.0,9.059
4.5,11.47
5.0,13.366
5.5,15.291
6.0,18.139
6.5,22.375
7.0,26.89
0.25,0.043
0.5,0.102
0.75,0.497
1.0,0.834
1.5,1.805
2.0,3.447
2.5,5.506
3.0,7.632
3.5,9.777
4.0,12.3
4.5,15.071
5.0,17.746
5.5,20.561
6.0,24.947
6.5,30.729
7.0,36.586
0.25,0.075
0.5,0.112
0.75,0.611
1.0,0.849
1.5,1.919
2.0,2.868
2.5,4.744
3.0,6.074
3.5,7.484
4.0,9.17
4.5,10.961
5.0,12.598
5.5,14.592
6.0,17.971
6.5,22.618
7.0,27.12
0.25,0.075
0.5,0.112
0.75,0.611
1.0,0.849
1.5,1.919
2.0,2.868
2.5,4.744
3.0,6.074
3.5,7.484
4.0,9.17
4.5,10.961
5.0,12.598
5.5,14.592
6.0,17.971
6.5,22.618
7.0,27.12
0.25,0.283
0.5,0.503
0.75,0.931
1.0,1.568
1.5,2.437
2.0,4.028
2.5,5.734
3.0,7.428
3.5,8.836
4.0,10.547
4.5,12.63
5.0,14.966
5.5,17.832
6.0,22.198
6.5,27.389
7.0,33.688
0.25,0.285
0.5,0.506
0.75,0.933
1.0,1.573
1.5,2.442
2.0,4.038
2.5,5.753
3.0,7.453
3.5,8.865
4.0,10.585
4.5,12.682
5.0,15.027
5.5,17.902
6.0,22.282
6.5,27.491
7.0,33.803
0.25,0.056
0.5,0.286
0.75,0.732
1.0,0.669
1.5,0.976
2.0,1.677
2.5,2.284
3.0,2.416
3.5,1.94
4.0,2.032
4.5,2.204
5.0,3.139
5.5,4.085
6.0,6.386
6.5,9.9
7.0,13.197
0.25,0.053
0.5,0.278
0.75,0.325
1.0,0.657
1.5,0.899
2.0,1.451
2.5,1.957
3.0,1.99
3.5,1.428
4.0,1.48
4.5,1.519
5.0,2.458
5.5,3.325
6.0,5.548
6.5,9.014
7.0,12.279
0.25,0.055
0.5,0.091
0.75,0.401
1.0,0.736
1.5,1.436
2.0,2.842
2.5,4.379
3.0,6.846
3.5,10.07
4.0,13.298
4.5,16.387
5.0,19.234
5.5,22.373
6.0,24.708
6.5,25.481
7.0,27.297
0.25,0.5
0.5,0.709
0.75,1.372
1.0,1.955
1.5,3.812
2.0,6.304
2.5,9.578
3.0,13.816
3.5,18.714
4.0,24.049
4.5,28.649
5.0,33.543
5.5,38.952
6.0,43.167
6.5,47.075
7.0,51.715
0.25,0.32
0.5,0.605
0.75,0.879
1.0,1.566
1.5,3.135
2.0,5.342
2.5,8.071
3.0,11.431
3.5,15.219
4.0,18.593
4.5,21.214
5.0,24.228
5.5,26.904
6.0,28.639
6.5,29.862
7.0,31.559
0.25,0.329
0.5,0.63
0.75,0.918
1.0,1.619
1.5,3.221
2.0,5.482
2.5,8.283
3.0,11.711
3.5,15.574
4.0,19.045
4.5,21.778
5.0,24.901
5.5,27.694
6.0,29.569
6.5,30.946
7.0,32.792
0.25,0.329
0.5,0.63
0.75,0.918
1.0,1.619
1.5,3.221
2.0,5.482
2.5,8.283
3.0,11.711
3.5,15.574
4.0,19.045
4.5,21.778
5.0,24.901
5.5,27.694
6.0,29.569
6.5,30.946
7.0,32.792
0.25,0.212
0.5,0.546
0.75,0.606
1.0,0.682
1.5,0.926
2.0,1.039
2.5,0.985
3.0,1.072
3.5,1.316
4.0,2.624
4.5,4.947
5.0,7.371
5.5,10.988
6.0,15.943
6.5,21.643
7.0,27.637
0.25,0.208
0.5,0.574
0.75,1.124
1.0,1.466
1.5,2.95
2.0,4.897
2.5,6.933
3.0,9.062
3.5,10.967
4.0,12.194
4.5,12.962
5.0,13.018
5.5,13.053
6.0,12.117
6.5,10.295
7.0,8.995
0.25,0.045
0.5,0.321
0.75,0.448
1.0,0.605
1.5,0.642
2.0,1.152
2.5,2.08
3.0,4.149
3.5,6.654
4.0,10.357
4.5,15.655
5.0,21.166
5.5,27.537
6.0,35.743
6.5,45.101
7.0,54.812
0.25,0.04
0.5,0.314
0.75,0.441
1.0,0.599
1.5,0.636
2.0,1.145
2.5,2.074
3.0,4.142
3.5,6.647
4.0,10.35
4.5,15.649
5.0,21.16
5.5,27.531
6.0,35.737
6.5,45.094
7.0,54.805
0.25,0.287
0.5,0.443
0.75,0.627
1.0,0.822
1.5,1.076
2.0,1.945
2.5,3.49
3.0,6.206
3.5,9.214
4.0,13.645
4.5,20.2
5.0,26.673
5.5,33.993
6.0,43.255
6.5,53.588
7.0,64.141
0.25,0.065
0.5,0.097
0.75,0.12
1.0,0.197
1.5,0.216
2.0,0.966
2.5,2.995
3.0,5.688
3.5,8.904
4.0,14.025
4.5,20.102
5.0,26.607
5.5,33.966
6.0,42.998
6.5,53.135
7.0,63.728
0.25,0.062
0.5,0.091
0.75,0.115
1.0,0.195
1.5,0.21
2.0,0.96
2.5,2.988
3.0,5.681
3.5,8.897
4.0,14.018
4.5,20.095
5.0,26.601
5.5,33.959
6.0,42.991
6.5,53.128
7.0,63.721
0.25,0.167
0.5,0.28
0.75,0.56
1.0,0.92
1.5,1.928
2.0,4.071
2.5,7.656
3.0,11.903
3.5,17.223
4.0,24.234
4.5,32.433
5.0,41.276
5.5,51.044
6.0,62.858
6.5,75.706
7.0,89.431
0.25,0.167
0.5,0.28
0.75,0.56
1.0,0.92
1.5,1.928
2.0,4.071
2.5,7.656
3.0,11.903
3.5,17.223
4.0,24.234
4.5,32.433
5.0,41.276
5.5,51.044
6.0,62.858
6.5,75.706
7.0,89.431
0.25,0.082
0.5,0.105
0.75,0.207
1.0,0.539
1.5,1.517
2.0,3.407
2.5,6.645
3.0,10.278
3.5,15.265
4.0,21.629
4.5,28.979
5.0,36.979
5.5,45.657
6.0,56.007
6.5,67.813
7.0,80.319
0.25,0.274
0.5,0.059
0.75,0.194
1.0,0.461
1.5,1.495
2.0,3.348
2.5,5.896
3.0,9.892
3.5,14.101
4.0,19.486
4.5,25.973
5.0,32.775
5.5,39.994
6.0,49.125
6.5,59.396
7.0,70.45
0.25,0.058
0.5,0.458
0.75,0.372
1.0,0.306
1.5,0.175
2.0,1.091
2.5,2.812
3.0,4.399
3.5,6.531
4.0,9.787
4.5,13.477
5.0,17.16
5.5,20.869
6.0,26.8
6.5,33.287
7.0,39.828
0.25,0.058
0.5,0.458
0.75,0.372
1.0,0.306
1.5,0.175
2.0,1.091
2.5,2.812
3.0,4.399
3.5,6.531
4.0,9.787
4.5,13.477
5.0,17.16
5.5,20.869
6.0,26.8
6.5,33.287
7.0,39.828
0.25,0.373
0.5,0.231
0.75,0.109
1.0,0.374
1.5,0.802
2.0,1.857
2.5,4.235
3.0,6.273
3.5,8.659
4.0,12.146
4.5,16.073
5.0,19.907
5.5,24.286
6.0,30.173
6.5,37.146
7.0,44.069
0.25,0.089
0.5,0.153
0.75,0.261
1.0,0.331
1.5,0.402
2.0,1.934
2.5,3.29
3.0,4.461
3.5,6.085
4.0,8.669
4.5,11.304
5.0,13.812
5.5,17.007
6.0,22.002
6.5,27.269
7.0,31.987
0.25,0.087
0.5,0.146
0.75,0.255
1.0,0.328
1.5,0.396
2.0,1.928
2.5,3.283
3.0,4.454
3.5,6.078
4.0,8.663
4.5,11.297
5.0,13.806
5.5,17.001
6.0,21.995
6.5,27.263
7.0,31.98
0.25,0.062
0.5,0.141
0.75,0.238
1.0,0.241
1.5,0.633
2.0,1.773
2.5,2.944
3.0,4.037
3.5,5.418
4.0,7.758
4.5,9.924
5.0,12.501
5.5,15.387
6.0,20.121
6.5,24.715
7.0,29.227
0.25,0.055
0.5,0.134
0.75,0.233
1.0,0.237
1.5,0.626
2.0,1.767
2.5,2.937
3.0,4.03
3.5,5.411
4.0,7.751
4.5,9.917
5.0,12.494
5.5,15.38
6.0,20.114
6.5,24.709
7.0,29.221
0.25,0.113
0.5,0.056
0.75,0.147
1.0,0.308
1.5,0.106
2.0,0.955
2.5,1.541
3.0,2.196
3.5,2.78
4.0,4.122
4.5,5.727
5.0,7.244
5.5,9.425
6.0,12.812
6.5,16.268
7.0,19.577
0.25,0.337
0.5,0.392
0.75,0.539
1.0,0.637
1.5,0.916
2.0,1.552
2.5,2.357
3.0,3.228
3.5,3.48
4.0,5.254
4.5,7.381
5.0,9.582
5.5,11.541
6.0,15.034
6.5,18.991
7.0,22.608
0.25,0.76
0.5,1.068
0.75,1.229
1.0,1.571
1.5,2.322
2.0,3.85
2.5,5.447
3.0,6.778
3.5,8.514
4.0,11.428
4.5,15.082
5.0,18.512
5.5,22.225
6.0,27.638
6.5,33.312
7.0,37.894
0.25,0.76
0.5,1.068
0.75,1.229
1.0,1.571
1.5,2.322
2.0,3.85
2.5,5.447
3.0,6.778
3.5,8.514
4.0,11.428
4.5,15.082
5.0,18.512
5.5,22.225
6.0,27.638
6.5,33.312
7.0,37.894
0.25,0.136
0.5,0.08
0.75,0.205
1.0,0.244
1.5,0.175
2.0,0.564
2.5,0.432
3.0,0.727
3.5,0.33
4.0,0.957
4.5,1.86
5.0,2.939
5.5,3.943
6.0,6.152
6.5,7.71
7.0,9.179
0.25,0.048
0.5,0.056
0.75,0.131
1.0,0.259
1.5,0.213
2.0,0.456
2.5,0.168
3.0,0.691
3.5,0.588
4.0,2.174
4.5,3.437
5.0,4.876
5.5,6.541
6.0,9.23
6.5,10.993
7.0,12.613
0.25,0.041
0.5,0.062
0.75,0.132
1.0,0.262
1.5,0.219
2.0,0.458
2.5,0.174
3.0,0.688
3.5,0.581
4.0,2.168
4.5,3.43
5.0,4.869
5.5,6.535
6.0,9.223
6.5,10.986
7.0,12.606
0.25,0.163
0.5,0.052
0.75,0.144
1.0,0.236
1.5,0.097
2.0,0.413
2.5,0.411
3.0,1.053
3.5,1.769
4.0,3.409
4.5,5.173
5.0,6.993
5.5,8.792
6.0,11.088
6.5,13.899
7.0,16.09
0.25,0.159
0.5,0.048
0.75,0.141
1.0,0.237
1.5,0.092
2.0,0.412
2.5,0.416
3.0,1.057
3.5,1.775
4.0,3.414
4.5,5.178
5.0,6.998
5.5,8.798
6.0,11.093
6.5,13.904
7.0,16.096
0.25,0.14
0.5,0.071
0.75,0.249
1.0,0.365
1.5,0.843
2.0,1.02
2.5,0.782
3.0,0.66
3.5,0.076
4.0,1.219
4.5,2.267
5.0,3.439
5.5,3.67
6.0,5.434
6.5,7.23
7.0,8.943
0.25,0.036
0.5,0.258
0.75,0.415
1.0,0.649
1.5,1.669
2.0,1.866
2.5,1.783
3.0,1.924
3.5,2.262
4.0,1.913
4.5,0.932
5.0,1.106
5.5,1.613
6.0,1.477
6.5,0.176
7.0,1.522
0.25,0.153
0.5,0.131
0.75,0.21
1.0,0.467
1.5,0.734
2.0,0.734
2.5,0.096
3.0,0.837
3.5,1.081
4.0,2.622
4.5,4.365
5.0,5.822
5.5,5.574
6.0,7.439
6.5,9.998
7.0,12.045
0.25,0.158
0.5,0.138
0.75,0.215
1.0,0.473
1.5,0.741
2.0,0.74
2.5,0.091
3.0,0.832
3.5,1.075
4.0,2.616
4.5,4.358
5.0,5.816
5.5,5.567
6.0,7.432
6.5,9.991
7.0,12.039
0.25,0.069
0.5,0.252
0.75,0.465
1.0,0.469
1.5,0.529
2.0,0.355
2.5,0.648
3.0,1.168
3.5,1.771
4.0,3.403
4.5,3.746
5.0,4.395
5.5,4.977
6.0,7.236
6.5,9.453
7.0,11.458
0.25,0.307
0.5,0.548
0.75,0.539
1.0,0.545
1.5,0.596
2.0,0.38
2.5,0.261
3.0,0.83
3.5,1.301
4.0,2.478
4.5,2.448
5.0,2.56
5.5,3.069
6.0,4.965
6.5,6.81
7.0,53.503
0.25,0.307
0.5,0.548
0.75,0.539
1.0,0.545
1.5,0.596
2.0,0.38
2.5,0.261
3.0,0.83
3.5,1.301
4.0,2.478
4.5,2.448
5.0,2.56
5.5,3.069
6.0,4.965
6.5,6.81
7.0,53.503
0.25,0.073
0.5,0.151
0.75,0.447
1.0,0.564
1.5,1.457
2.0,2.653
2.5,3.922
3.0,5.432
3.5,7.044
4.0,8.667
4.5,10.739
5.0,12.437
5.5,15.22
6.0,18.759
6.5,22.761
7.0,83.926
0.25,0.223
0.5,0.321
0.75,0.635
1.0,1.042
1.5,2.066
2.0,3.366
2.5,4.699
3.0,6.395
3.5,8.291
4.0,9.817
4.5,11.962
5.0,14.106
5.5,16.889
6.0,20.723
6.5,61.712
7.0,98.175
0.25,0.179
0.5,0.161
0.75,0.497
1.0,0.788
1.5,1.326
2.0,2.169
2.5,3.25
3.0,4.298
3.5,4.591
4.0,5.954
4.5,7.418
5.0,8.87
5.5,10.424
6.0,13.379
6.5,73.667
7.0,109.013
0.25,0.232
0.5,0.622
0.75,1.092
1.0,1.43
1.5,2.103
2.0,3.618
2.5,5.487
3.0,7.224
3.5,7.562
4.0,9.589
4.5,12.322
5.0,14.795
5.5,17.685
6.0,72.031
6.5,107.433
7.0,143.811
0.25,0.164
0.5,0.329
0.75,0.318
1.0,0.469
1.5,0.419
2.0,0.955
2.5,1.258
3.0,0.849
3.5,0.13
4.0,0.814
4.5,0.842
5.0,1.631
5.5,37.85
6.0,69.431
6.5,102.081
7.0,134.586
0.25,0.175
0.5,0.341
0.75,0.329
1.0,0.48
1.5,0.431
2.0,0.966
2.5,1.27
3.0,0.858
3.5,0.138
4.0,0.819
4.5,0.854
5.0,1.641
5.5,37.862
6.0,69.443
6.5,102.093
7.0,134.597
0.25,0.211
0.5,0.215
0.75,0.251
1.0,0.289
1.5,0.434
2.0,1.236
2.5,0.675
3.0,0.681
3.5,0.092
4.0,1.204
4.5,1.846
5.0,2.606
5.5,59.746
6.0,91.364
6.5,124.005
7.0,157.207
0.25,0.074
0.5,0.225
0.75,0.297
1.0,0.377
1.5,0.23
2.0,0.378
2.5,1.001
3.0,2.094
3.5,2.511
4.0,2.333
4.5,1.763
5.0,43.422
5.5,74.871
6.0,105.787
6.5,137.499
7.0,169.43
0.25,0.017
0.5,0.117
0.75,0.154
1.0,0.213
1.5,0.213
2.0,0.635
2.5,0.609
3.0,1.296
3.5,1.172
4.0,1.065
4.5,0.052
5.0,49.72
5.5,81.481
6.0,112.738
6.5,144.855
7.0,177.252
0.25,0.038
0.5,0.262
0.75,0.456
1.0,0.547
1.5,0.63
2.0,0.91
2.5,2.744
3.0,4.13
3.5,4.858
4.0,5.445
4.5,5.595
5.0,47.032
5.5,77.444
6.0,107.26
6.5,137.882
7.0,168.671
0.25,0.038
0.5,0.262
0.75,0.456
1.0,0.547
1.5,0.63
2.0,0.91
2.5,2.744
3.0,4.13
3.5,4.858
4.0,5.445
4.5,5.595
5.0,47.032
5.5,77.444
6.0,107.26
6.5,137.882
7.0,168.671
0.25,0.036
0.5,0.034
0.75,0.159
1.0,0.252
1.5,0.993
2.0,1.542
2.5,1.891
3.0,2.352
3.5,2.785
4.0,2.589
4.5,55.175
5.0,87.941
5.5,118.352
6.0,148.737
6.5,179.83
7.0,210.579
0.25,0.086
0.5,0.026
0.75,0.259
1.0,0.239
1.5,1.962
2.0,2.895
2.5,3.525
3.0,4.164
3.5,4.969
4.0,40.935
4.5,71.929
5.0,103.759
5.5,133.779
6.0,163.085
6.5,192.743
7.0,222.145
0.25,0.091
0.5,0.021
0.75,0.265
1.0,0.244
1.5,1.968
2.0,2.901
2.5,3.532
3.0,4.17
3.5,4.975
4.0,40.929
4.5,71.922
5.0,103.752
5.5,133.773
6.0,163.079
6.5,192.737
7.0,222.138
0.25,0.334
0.5,0.369
0.75,0.427
1.0,1.866
1.5,3.558
2.0,4.913
2.5,6.009
3.0,7.262
3.5,27.171
4.0,56.265
4.5,86.393
5.0,116.251
5.5,145.18
6.0,172.715
6.5,200.407
7.0,227.655
0.25,1.312
0.5,1.627
0.75,2.612
1.0,3.369
1.5,4.854
2.0,6.042
2.5,7.218
3.0,36.295
3.5,65.768
4.0,94.227
4.5,123.36
5.0,152.657
5.5,179.899
6.0,205.835
6.5,231.808
7.0,257.102
0.25,0.25
0.5,0.635
0.75,0.953
1.0,1.015
1.5,1.309
2.0,1.172
2.5,31.736
3.0,64.272
3.5,95.628
4.0,125.194
4.5,155.942
5.0,187.472
5.5,216.431
6.0,244.448
6.5,272.309
7.0,299.889
0.25,0.25
0.5,0.635
0.75,0.953
1.0,1.015
1.5,1.309
2.0,1.172
2.5,31.736
3.0,64.272
3.5,95.628
4.0,125.194
4.5,155.942
5.0,187.472
5.5,216.431
6.0,244.448
6.5,272.309
7.0,299.889
0.25,0.156
0.5,0.393
0.75,0.697
1.0,1.169
1.5,1.938
2.0,3.512
2.5,62.683
3.0,97.32
3.5,129.729
4.0,162.103
4.5,195.407
5.0,228.749
5.5,260.071
6.0,290.808
6.5,321.494
7.0,351.883
0.25,0.156
0.5,0.393
0.75,0.697
1.0,1.169
1.5,1.938
2.0,3.512
2.5,62.683
3.0,97.32
3.5,129.729
4.0,162.103
4.5,195.407
5.0,228.749
5.5,260.071
6.0,290.808
6.5,321.494
7.0,351.883
0.25,0.333
0.5,0.785
0.75,1.457
1.0,2.217
1.5,3.661
2.0,51.983
2.5,85.779
3.0,121.008
3.5,154.689
4.0,187.771
4.5,221.594
5.0,255.777
5.5,287.929
6.0,319.485
6.5,350.843
7.0,382.416
0.25,0.327
0.5,0.778
0.75,1.451
1.0,2.21
1.5,3.655
2.0,51.976
2.5,85.773
3.0,121.001
3.5,154.682
4.0,187.764
4.5,221.588
5.0,255.771
5.5,287.922
6.0,319.478
6.5,350.836
7.0,382.409
0.25,0.23
0.5,0.217
0.75,0.466
1.0,0.747
1.5,37.141
2.0,68.048
2.5,99.99
3.0,132.138
3.5,163.568
4.0,193.401
4.5,223.416
5.0,253.491
5.5,281.367
6.0,307.844
6.5,334.161
7.0,360.228
0.25,0.218
0.5,0.465
0.75,0.464
1.0,0.777
1.5,41.301
2.0,72.198
2.5,104.119
3.0,136.301
3.5,167.752
4.0,197.608
4.5,227.566
5.0,257.701
5.5,285.501
6.0,311.979
6.5,338.274
7.0,364.367
0.25,0.224
0.5,0.194
0.75,0.466
1.0,0.439
1.5,57.127
2.0,87.339
2.5,118.421
3.0,150.417
3.5,180.713
4.0,209.303
4.5,237.907
5.0,266.736
5.5,293.012
6.0,317.88
6.5,342.157
7.0,366.485
0.25,0.274
0.5,0.545
0.75,0.621
1.0,29.683
1.5,61.613
2.0,92.391
2.5,123.203
3.0,155.404
3.5,186.024
4.0,214.83
4.5,243.797
5.0,272.947
5.5,299.583
6.0,324.868
6.5,349.561
7.0,374.438
0.25,0.232
0.5,0.321
0.75,29.311
1.0,45.854
1.5,77.596
2.0,108.131
2.5,139.429
3.0,171.44
3.5,201.593
4.0,230.247
4.5,259.049
5.0,287.746
5.5,313.856
6.0,339.099
6.5,363.832
7.0,388.653
0.25,0.292
0.5,0.403
0.75,33.519
1.0,50.122
1.5,81.857
2.0,112.403
2.5,143.76
3.0,175.869
3.5,206.077
4.0,234.752
4.5,263.485
5.0,292.365
5.5,318.553
6.0,343.856
6.5,368.528
7.0,393.655
0.25,20.991
0.5,37.04
0.75,53.546
1.0,69.904
1.5,101.5
2.0,131.051
2.5,162.283
3.0,193.704
3.5,222.996
4.0,250.782
4.5,278.579
5.0,306.096
5.5,331.48
6.0,355.607
6.5,379.502
7.0,403.808
0.25,0.172
0.5,0.5
0.75,0.513
1.0,1.189
1.5,2.563
2.0,4.471
2.5,7.158
3.0,11.243
3.5,16.414
4.0,22.313
4.5,29.648
5.0,38.693
5.5,48.81
6.0,59.412
6.5,70.588
7.0,83.912
0.25,0.178
0.5,0.507
0.75,0.52
1.0,1.196
1.5,2.569
2.0,4.478
2.5,7.165
3.0,11.249
3.5,16.421
4.0,22.32
4.5,29.655
5.0,38.699
5.5,48.817
6.0,59.419
6.5,70.594
7.0,83.919
0.25,0.508
0.5,0.467
0.75,0.37
1.0,0.276
1.5,0.82
2.0,1.162
2.5,0.908
3.0,0.726
3.5,1.85
4.0,3.936
4.5,6.335
5.0,10.328
5.5,14.487
6.0,18.043
6.5,22.217
7.0,27.669
0.25,0.044
0.5,0.71
0.75,0.772
1.0,1.388
1.5,2.05
2.0,2.7
2.5,3.102
3.0,2.664
3.5,1.455
4.0,1.131
4.5,0.656
5.0,3.101
5.5,4.83
6.0,6.403
6.5,7.813
7.0,10.975
0.25,0.548
0.5,0.411
0.75,0.793
1.0,0.895
1.5,0.524
2.0,0.51
2.5,0.618
3.0,2.487
3.5,4.978
4.0,7.745
4.5,10.689
5.0,14.622
5.5,18.573
6.0,22.25
6.5,25.945
7.0,31.721
0.25,0.542
0.5,0.956
0.75,1.295
1.0,1.521
1.5,1.82
2.0,2.437
2.5,2.721
3.0,2.27
3.5,1.136
4.0,1.168
4.5,0.478
5.0,1.24
5.5,1.579
6.0,1.939
6.5,1.942
7.0,4.081
0.25,0.166
0.5,0.223
0.75,0.182
1.0,0.29
1.5,0.165
2.0,0.91
2.5,1.877
3.0,3.65
3.5,5.735
4.0,7.657
4.5,9.301
5.0,12.039
5.5,14.438
6.0,16.449
6.5,19.229
7.0,23.155
0.25,0.16
0.5,0.216
0.75,0.177
1.0,0.286
1.5,0.171
2.0,0.915
2.5,1.884
3.0,3.657
3.5,5.741
4.0,7.663
4.5,9.308
5.0,12.046
5.5,14.444
6.0,16.455
6.5,19.236
7.0,23.162
0.25,0.075
0.5,0.026
0.75,0.23
1.0,0.427
1.5,1.034
2.0,2.14
2.5,3.246
3.0,5.262
3.5,7.361
4.0,8.829
4.5,10.466
5.0,12.784
5.5,15.189
6.0,17.328
6.5,19.676
7.0,23.796
0.25,0.081
0.5,0.027
0.75,0.235
1.0,0.433
1.5,1.04
2.0,2.147
2.5,3.253
3.0,5.269
3.5,7.368
4.0,8.836
4.5,10.472
5.0,12.791
5.5,15.196
6.0,17.335
6.5,19.683
7.0,23.803
0.25,0.343
0.5,0.437
0.75,0.905
1.0,1.128
1.5,1.654
2.0,2.337
2.5,2.805
3.0,3.321
3.5,4.225
4.0,6.188
4.5,7.944
5.0,9.837
5.5,11.532
6.0,14.316
6.5,16.631
7.0,18.095
0.25,0.337
0.5,0.43
0.75,0.898
1.0,1.122
1.5,1.648
2.0,2.331
2.5,2.798
3.0,3.315
3.5,4.219
4.0,6.182
4.5,7.938
5.0,9.83
5.5,11.525
6.0,14.31
6.5,16.625
7.0,18.088
0.25,0.054
0.5,0.343
0.75,0.377
1.0,0.433
1.5,0.094
2.0,0.456
2.5,0.222
3.0,0.632
3.5,0.264
4.0,1.341
4.5,2.318
5.0,2.876
5.5,2.874
6.0,4.456
6.5,5.112
7.0,5.317
0.25,0.054
0.5,0.336
0.75,0.37
1.0,0.427
1.5,0.089
2.0,0.452
2.5,0.216
3.0,0.632
3.5,0.259
4.0,1.336
4.5,2.311
5.0,2.87
5.5,2.867
6.0,4.449
6.5,5.105
7.0,5.311
0.25,0.214
0.5,0.473
0.75,0.951
1.0,1.553
1.5,3.438
2.0,5.349
2.5,7.418
3.0,9.986
3.5,12.64
4.0,14.744
4.5,17.225
5.0,21.132
5.5,25.036
6.0,28.76
6.5,32.819
7.0,38.302
0.25,0.22
0.5,0.479
0.75,0.958
1.0,1.56
1.5,3.445
2.0,5.355
2.5,7.425
3.0,9.993
3.5,12.647
4.0,14.75
4.5,17.231
5.0,21.138
5.5,25.043
6.0,28.766
6.5,32.826
7.0,38.309
0.25,0.061
0.5,0.187
0.75,0.668
1.0,0.899
1.5,1.876
2.0,2.492
2.5,2.84
3.0,3.575
3.5,4.167
4.0,3.912
4.5,4.022
5.0,5.279
5.5,6.283
6.0,6.839
6.5,7.137
7.0,8.922
0.25,0.057
0.5,0.187
0.75,0.665
1.0,0.896
1.5,1.876
2.0,2.49
2.5,2.839
3.0,3.573
3.5,4.166
4.0,3.909
4.5,4.022
5.0,5.276
5.5,6.282
6.0,6.837
6.5,7.136
7.0,8.919
0.25,0.281
0.5,0.239
0.75,0.251
1.0,0.48
1.5,0.714
2.0,0.813
2.5,0.155
3.0,0.637
3.5,0.943
4.0,2.417
4.5,3.115
5.0,3.754
5.5,3.946
6.0,5.565
6.5,6.7
7.0,7.384
0.25,0.245
0.5,0.573
0.75,0.714
1.0,1.049
1.5,1.284
2.0,1.234
2.5,1.122
3.0,1.137
3.5,1.198
4.0,1.304
4.5,1.129
5.0,2.352
5.5,2.734
6.0,2.827
6.5,2.445
7.0,3.17
0.25,0.245
0.5,0.573
0.75,0.713
1.0,1.048
1.5,1.283
2.0,1.233
2.5,1.121
3.0,1.136
3.5,1.197
4.0,1.302
4.5,1.127
5.0,2.35
5.5,2.732
6.0,2.825
6.5,2.442
7.0,3.168
0.25,0.21
0.5,0.184
0.75,0.362
1.0,0.439
1.5,0.162
2.0,0.584
2.5,1.405
3.0,1.906
3.5,1.906
4.0,3.035
4.5,3.483
5.0,3.563
5.5,3.494
6.0,5.047
6.5,6.197
7.0,7.454
0.25,0.216
0.5,0.19
0.75,0.368
1.0,0.444
1.5,0.168
2.0,0.58
2.5,1.398
3.0,1.9
3.5,1.899
4.0,3.028
4.5,3.476
5.0,3.556
5.5,3.487
6.0,5.041
6.5,6.19
7.0,7.448
0.25,0.21
0.5,0.271
0.75,0.407
1.0,0.526
1.5,0.927
2.0,1.051
2.5,1.127
3.0,2.481
3.5,3.702
4.0,5.015
4.5,6.279
5.0,8.75
5.5,10.907
6.0,12.336
6.5,13.176
7.0,15.67
0.25,0.21
0.5,0.271
0.75,0.407
1.0,0.526
1.5,0.927
2.0,1.051
2.5,1.127
3.0,2.481
3.5,3.702
4.0,5.015
4.5,6.279
5.0,8.75
5.5,10.907
6.0,12.336
6.5,13.176
7.0,15.67
0.25,0.139
0.5,0.194
0.75,0.401
1.0,0.714
1.5,1.611
2.0,2.207
2.5,3.414
3.0,5.674
3.5,8.338
4.0,11.004
4.5,13.657
5.0,17.699
5.5,21.695
6.0,24.571
6.5,27.956
7.0,32.093
0.25,0.11
0.5,0.107
0.75,0.136
1.0,0.257
1.5,0.327
2.0,0.715
2.5,1.498
3.0,2.919
3.5,4.866
4.0,6.37
4.5,8.112
5.0,10.812
5.5,13.231
6.0,14.293
6.5,16.01
7.0,18.362
0.25,0.074
0.5,0.104
0.75,0.27
1.0,0.339
1.5,0.606
2.0,1.323
2.5,1.972
3.0,3.819
3.5,5.619
4.0,7.047
4.5,8.545
5.0,10.934
5.5,12.509
6.0,13.729
6.5,14.535
7.0,15.824
0.25,0.074
0.5,0.104
0.75,0.27
1.0,0.339
1.5,0.606
2.0,1.323
2.5,1.972
3.0,3.819
3.5,5.619
4.0,7.047
4.5,8.545
5.0,10.934
5.5,12.509
6.0,13.729
6.5,14.535
7.0,15.824
0.25,0.066
0.5,0.122
0.75,0.252
1.0,0.262
1.5,0.337
2.0,0.779
2.5,1.382
3.0,2.778
3.5,3.939
4.0,4.756
4.5,5.48
5.0,6.592
5.5,7.549
6.0,7.291
6.5,6.497
7.0,6.137
0.25,0.179
0.5,0.555
0.75,0.772
1.0,0.93
1.5,0.935
2.0,1.35
2.5,1.357
3.0,1.228
3.5,0.848
4.0,1.581
4.5,1.94
5.0,2.767
5.5,3.18
6.0,5.472
6.5,7.993
7.0,10.829
0.25,0.173
0.5,0.548
0.75,0.765
1.0,0.923
1.5,0.929
2.0,1.344
2.5,1.35
3.0,1.222
3.5,0.842
4.0,1.575
4.5,1.933
5.0,2.761
5.5,3.173
6.0,5.465
6.5,7.987
7.0,10.822
0.25,0.079
0.5,0.347
0.75,0.445
1.0,0.469
1.5,0.069
2.0,0.415
2.5,0.533
3.0,1.615
3.5,2.446
4.0,2.9
4.5,3.115
5.0,3.697
5.5,4.028
6.0,3.361
6.5,1.715
7.0,1.533
0.25,0.049
0.5,0.202
0.75,0.588
1.0,0.758
1.5,1.502
2.0,2.276
2.5,2.679
3.0,3.841
3.5,4.717
4.0,4.566
4.5,4.463
5.0,4.581
5.5,3.704
6.0,1.917
6.5,1.341
7.0,3.868
0.25,0.071
0.5,0.19
0.75,0.276
1.0,0.413
1.5,1.025
2.0,1.327
2.5,1.387
3.0,1.945
3.5,2.116
4.0,1.327
4.5,0.232
5.0,1.274
5.5,2.519
6.0,6.069
6.5,9.788
7.0,13.49
0.25,0.071
0.5,0.19
0.75,0.276
1.0,0.413
1.5,1.025
2.0,1.327
2.5,1.387
3.0,1.945
3.5,2.116
4.0,1.327
4.5,0.232
5.0,1.274
5.5,2.519
6.0,6.069
6.5,9.788
7.0,13.49
0.25,0.256
0.5,0.542
0.75,0.735
1.0,0.934
1.5,1.589
2.0,2.915
2.5,4.566
3.0,6.391
3.5,9.227
4.0,12.731
4.5,17.023
5.0,21.949
5.5,28.05
6.0,35.791
6.5,44.139
7.0,52.306
0.25,0.062
0.5,0.203
0.75,0.387
1.0,0.587
1.5,0.694
2.0,0.764
2.5,0.326
3.0,0.729
3.5,0.823
4.0,2.783
4.5,5.044
5.0,7.875
5.5,11.382
6.0,16.222
6.5,21.206
7.0,26.064
0.25,0.142
0.5,0.032
0.75,0.143
1.0,0.311
1.5,0.675
2.0,1.714
2.5,2.98
3.0,4.9
3.5,6.872
4.0,10.269
4.5,14.401
5.0,19.201
5.5,24.807
6.0,31.965
6.5,39.284
7.0,46.744
0.25,0.136
0.5,0.027
0.75,0.14
1.0,0.307
1.5,0.669
2.0,1.707
2.5,2.974
3.0,4.893
3.5,6.865
4.0,10.263
4.5,14.394
5.0,19.194
5.5,24.8
6.0,31.958
6.5,39.277
7.0,46.738
0.25,0.214
0.5,0.466
0.75,0.56
1.0,0.793
1.5,1.344
2.0,3.023
2.5,4.697
3.0,6.932
3.5,9.926
4.0,14.394
4.5,19.618
5.0,24.879
5.5,30.776
6.0,38.137
6.5,45.439
7.0,52.994
0.25,0.208
0.5,0.459
0.75,0.554
1.0,0.787
1.5,1.338
2.0,3.017
2.5,4.69
3.0,6.925
3.5,9.919
4.0,14.387
4.5,19.611
5.0,24.872
5.5,30.77
6.0,38.13
6.5,45.432
7.0,52.987
0.25,0.155
0.5,0.037
0.75,0.221
1.0,0.247
1.5,0.248
2.0,0.717
2.5,1.055
3.0,2.037
3.5,3.479
4.0,6.24
4.5,9.352
5.0,12.568
5.5,15.967
6.0,20.643
6.5,25.037
7.0,29.491
0.25,0.15
0.5,0.043
0.75,0.226
1.0,0.251
1.5,0.255
2.0,0.712
2.5,1.048
3.0,2.031
3.5,3.473
4.0,6.234
4.5,9.346
5.0,12.561
5.5,15.96
6.0,20.637
6.5,25.03
7.0,29.484
0.25,0.114
0.5,0.582
0.75,1.072
1.0,1.637
1.5,3.65
2.0,5.939
2.5,9.174
3.0,13.344
3.5,18.576
4.0,25.087
4.5,32.405
5.0,39.822
5.5,48.278
6.0,57.775
6.5,67.939
7.0,78.903
0.25,0.109
0.5,0.575
0.75,1.065
1.0,1.631
1.5,3.642
2.0,5.932
2.5,9.166
3.0,13.337
3.5,18.568
4.0,25.08
4.5,32.398
5.0,39.815
5.5,48.271
6.0,57.767
6.5,67.932
7.0,78.896
0.25,0.321
0.5,0.646
0.75,1.053
1.0,1.77
1.5,3.625
2.0,5.681
2.5,8.743
3.0,12.929
3.5,17.675
4.0,24.115
4.5,30.832
5.0,37.624
5.5,45.176
6.0,54.305
6.5,63.785
7.0,73.879
0.25,0.445
0.5,0.128
0.75,0.291
1.0,0.781
1.5,1.272
2.0,2.695
2.5,4.648
3.0,7.231
3.5,10.421
4.0,14.519
4.5,18.867
5.0,23.24
5.5,27.986
6.0,33.986
6.5,40.343
7.0,46.999
0.25,0.445
0.5,0.128
0.75,0.291
1.0,0.781
1.5,1.272
2.0,2.695
2.5,4.648
3.0,7.231
3.5,10.421
4.0,14.519
4.5,18.867
5.0,23.24
5.5,27.986
6.0,33.986
6.5,40.343
7.0,46.999
0.25,0.333
0.5,0.636
0.75,0.489
1.0,0.82
1.5,1.452
2.0,2.885
2.5,5.039
3.0,7.316
3.5,9.957
4.0,13.164
4.5,16.445
5.0,19.628
5.5,23.306
6.0,28.461
6.5,33.541
7.0,38.461
0.25,0.276
0.5,0.553
0.75,0.378
1.0,0.654
1.5,1.127
2.0,2.417
2.5,4.412
3.0,6.483
3.5,8.857
4.0,11.807
4.5,14.82
5.0,17.678
5.5,20.976
6.0,25.762
6.5,30.464
7.0,34.94
0.25,0.089
0.5,0.387
0.75,0.402
1.0,0.566
1.5,0.45
2.0,0.469
2.5,1.356
3.0,2.229
3.5,2.992
4.0,4.531
4.5,5.611
5.0,6.664
5.5,8.063
6.0,10.677
6.5,13.086
7.0,15.005
0.25,0.502
0.5,0.562
0.75,0.736
1.0,0.915
1.5,0.976
2.0,0.653
2.5,0.175
3.0,0.93
3.5,0.962
4.0,2.022
4.5,2.366
5.0,2.824
5.5,3.515
6.0,5.201
6.5,6.64
7.0,7.761
0.25,0.502
0.5,0.562
0.75,0.736
1.0,0.915
1.5,0.976
2.0,0.653
2.5,0.175
3.0,0.93
3.5,0.962
4.0,2.022
4.5,2.366
5.0,2.824
5.5,3.515
6.0,5.201
6.5,6.64
7.0,7.761
0.25,0.116
0.5,0.208
0.75,0.381
1.0,0.279
1.5,0.078
2.0,0.666
2.5,1.167
3.0,1.268
3.5,1.232
4.0,1.595
4.5,1.658
5.0,2.074
5.5,2.014
6.0,3.27
6.5,3.982
7.0,3.841
0.25,0.122
0.5,0.215
0.75,0.387
1.0,0.284
1.5,0.076
2.0,0.661
2.5,1.161
3.0,1.262
3.5,1.226
4.0,1.59
4.5,1.651
5.0,2.069
5.5,2.007
6.0,3.264
6.5,3.975
7.0,3.835
0.25,0.054
0.5,0.16
0.75,0.253
1.0,0.66
1.5,1.252
2.0,2.107
2.5,2.844
3.0,3.364
3.5,3.648
4.0,4.62
4.5,5.589
5.0,6.595
5.5,7.645
6.0,9.541
6.5,11.11
7.0,11.597
0.25,0.06
0.5,0.154
0.75,0.248
1.0,0.654
1.5,1.246
2.0,2.101
2.5,2.838
3.0,3.359
3.5,3.643
4.0,4.615
4.5,5.584
5.0,6.591
5.5,7.641
6.0,9.537
6.5,11.107
7.0,11.594
0.25,0.226
0.5,0.38
0.75,0.887
1.0,1.193
1.5,1.967
2.0,3.262
2.5,4.261
3.0,5.001
3.5,5.824
4.0,7.284
4.5,9.083
5.0,10.451
5.5,12.11
6.0,14.749
6.5,16.613
7.0,18.175
0.25,0.226
0.5,0.38
0.75,0.887
1.0,1.193
1.5,1.967
2.0,3.262
2.5,4.261
3.0,5.001
3.5,5.824
4.0,7.284
4.5,9.083
5.0,10.451
5.5,12.11
6.0,14.749
6.5,16.613
7.0,18.175
0.25,0.342
0.5,0.513
0.75,0.915
1.0,0.914
1.5,1.301
2.0,1.736
2.5,1.883
3.0,1.793
3.5,1.634
4.0,2.598
4.5,3.035
5.0,3.234
5.5,3.531
6.0,4.265
6.5,4.571
7.0,4.364
0.25,0.347
0.5,0.518
0.75,0.921
1.0,0.919
1.5,1.306
2.0,1.741
2.5,1.889
3.0,1.798
3.5,1.639
4.0,2.603
4.5,3.04
5.0,3.239
5.5,3.536
6.0,4.27
6.5,4.576
7.0,4.369
0.25,0.053
0.5,0.139
0.75,0.173
1.0,0.204
1.5,0.544
2.0,1.009
2.5,1.868
3.0,3.095
3.5,4.056
4.0,4.594
4.5,5.27
5.0,6.793
5.5,8.061
6.0,9.556
6.5,11.219
7.0,12.937
0.25,0.053
0.5,0.139
0.75,0.173
1.0,0.204
1.5,0.544
2.0,1.009
2.5,1.868
3.0,3.095
3.5,4.056
4.0,4.594
4.5,5.27
5.0,6.793
5.5,8.061
6.0,9.556
6.5,11.219
7.0,12.937
0.25,0.375
0.5,0.279
0.75,0.544
1.0,0.596
1.5,0.525
2.0,0.863
2.5,0.514
3.0,0.669
3.5,0.339
4.0,1.16
4.5,1.276
5.0,1.612
5.5,0.978
6.0,1.965
6.5,1.605
7.0,2.342
0.25,0.439
0.5,0.738
0.75,1.122
1.0,1.304
1.5,2.167
2.0,3.083
2.5,4.352
3.0,6.072
3.5,7.897
4.0,10.618
4.5,13.451
5.0,15.54
5.5,18.305
6.0,21.753
6.5,25.783
7.0,30.18
0.25,0.45
0.5,0.752
0.75,1.0
1.0,1.251
1.5,1.899
2.0,3.074
2.5,4.352
3.0,6.12
3.5,7.955
4.0,10.643
4.5,13.559
5.0,15.631
5.5,18.376
6.0,21.983
6.5,26.087
7.0,30.593
0.25,0.072
0.5,0.04
0.75,0.129
1.0,0.234
1.5,0.118
2.0,0.414
2.5,0.415
3.0,1.154
3.5,1.665
4.0,2.894
4.5,3.869
5.0,4.119
5.5,4.885
6.0,6.551
6.5,8.308
7.0,9.718
0.25,0.171
0.5,0.257
0.75,0.37
1.0,0.751
1.5,1.166
2.0,1.484
2.5,1.206
3.0,1.611
3.5,1.766
4.0,1.483
4.5,1.562
5.0,2.28
5.5,2.307
6.0,2.016
6.5,0.288
7.0,1.807
0.25,0.171
0.5,0.257
0.75,0.37
1.0,0.751
1.5,1.166
2.0,1.484
2.5,1.206
3.0,1.611
3.5,1.766
4.0,1.483
4.5,1.562
5.0,2.28
5.5,2.307
6.0,2.016
6.5,0.288
7.0,1.807
0.25,0.119
0.5,0.255
0.75,0.186
1.0,0.257
1.5,0.461
2.0,1.359
2.5,2.344
3.0,3.375
3.5,4.566
4.0,5.928
4.5,7.453
5.0,8.454
5.5,10.612
6.0,13.963
6.5,15.893
7.0,18.52
0.25,0.014
0.5,0.279
0.75,0.47
1.0,0.634
1.5,0.698
2.0,0.484
2.5,0.115
3.0,0.684
3.5,0.549
4.0,1.079
4.5,1.143
5.0,1.576
5.5,1.945
6.0,3.203
6.5,4.128
7.0,5.164
0.25,0.238
0.5,0.353
0.75,0.427
1.0,0.538
1.5,0.483
2.0,0.378
2.5,0.527
3.0,0.956
3.5,1.101
4.0,1.509
4.5,1.485
5.0,2.408
5.5,3.259
6.0,4.337
6.5,5.519
7.0,6.702
0.25,0.08
0.5,0.075
0.75,0.159
1.0,0.238
1.5,0.144
2.0,0.671
2.5,1.141
3.0,1.395
3.5,0.959
4.0,1.633
4.5,1.775
5.0,2.478
5.5,2.765
6.0,3.868
6.5,4.978
7.0,5.636
0.25,0.08
0.5,0.075
0.75,0.159
1.0,0.238
1.5,0.144
2.0,0.671
2.5,1.141
3.0,1.395
3.5,0.959
4.0,1.633
4.5,1.775
5.0,2.478
5.5,2.765
6.0,3.868
6.5,4.978
7.0,5.636
0.25,0.043
0.5,0.079
0.75,0.111
1.0,0.268
1.5,0.185
2.0,0.647
2.5,0.887
3.0,0.692
3.5,0.099
4.0,0.797
4.5,0.429
5.0,1.447
5.5,0.557
6.0,1.667
6.5,1.696
7.0,2.124
0.25,0.048
0.5,0.094
0.75,0.136
1.0,0.268
1.5,0.09
2.0,0.387
2.5,0.55
3.0,0.61
3.5,0.639
4.0,1.109
4.5,0.462
5.0,1.017
5.5,0.842
6.0,1.325
6.5,0.164
7.0,1.526
0.25,0.075
0.5,0.026
0.75,0.271
1.0,0.323
1.5,0.339
2.0,0.655
2.5,0.619
3.0,0.654
3.5,0.617
4.0,1.044
4.5,0.389
5.0,1.241
5.5,0.801
6.0,1.34
6.5,0.426
7.0,1.664
0.25,0.075
0.5,0.026
0.75,0.271
1.0,0.323
1.5,0.339
2.0,0.655
2.5,0.619
3.0,0.654
3.5,0.617
4.0,1.044
4.5,0.389
5.0,1.241
5.5,0.801
6.0,1.34
6.5,0.426
7.0,1.664
0.25,0.081
0.5,0.17
0.75,0.097
1.0,0.266
1.5,0.763
2.0,1.048
2.5,2.089
3.0,3.467
3.5,4.776
4.0,5.65
4.5,5.805
5.0,8.373
5.5,9.754
6.0,11.156
6.5,12.706
7.0,14.947
0.25,0.076
0.5,0.163
0.75,0.095
1.0,0.27
1.5,0.769
2.0,1.054
2.5,2.096
3.0,3.474
3.5,4.783
4.0,5.657
4.5,5.811
5.0,8.38
5.5,9.76
6.0,11.162
6.5,12.713
7.0,14.954
0.25,0.169
0.5,0.447
0.75,0.733
1.0,1.244
1.5,2.155
2.0,3.738
2.5,5.387
3.0,7.858
3.5,9.585
4.0,10.885
4.5,13.886
5.0,16.562
5.5,19.55
6.0,22.486
6.5,25.521
7.0,29.239
0.25,0.091
0.5,0.097
0.75,0.32
1.0,0.389
1.5,0.783
2.0,1.789
2.5,2.434
3.0,3.502
3.5,4.105
4.0,4.978
4.5,5.549
5.0,6.613
5.5,7.813
6.0,8.768
6.5,9.617
7.0,10.629
0.25,0.097
0.5,0.104
0.75,0.326
1.0,0.395
1.5,0.79
2.0,1.795
2.5,2.44
3.0,3.509
3.5,4.111
4.0,4.984
4.5,5.555
5.0,6.619
5.5,7.82
6.0,8.775
6.5,9.623
7.0,10.635
0.25,0.056
0.5,0.28
0.75,0.217
1.0,0.461
1.5,1.467
2.0,2.235
2.5,3.245
3.0,3.874
3.5,4.067
4.0,5.707
4.5,6.235
5.0,7.62
5.5,8.997
6.0,10.136
6.5,10.976
7.0,11.966
0.25,0.432
0.5,0.714
0.75,1.128
1.0,1.066
1.5,1.911
2.0,2.998
2.5,4.956
3.0,7.643
3.5,9.459
4.0,12.465
4.5,15.684
5.0,18.855
5.5,22.417
6.0,26.92
6.5,32.071
7.0,37.83
0.25,0.426
0.5,0.707
0.75,1.121
1.0,1.06
1.5,1.904
2.0,2.991
2.5,4.95
3.0,7.637
3.5,9.452
4.0,12.458
4.5,15.678
5.0,18.849
5.5,22.41
6.0,26.913
6.5,32.065
7.0,37.823
0.25,0.058
0.5,0.112
0.75,0.322
1.0,0.382
1.5,0.196
2.0,0.441
2.5,1.019
3.0,1.826
3.5,2.712
4.0,4.074
4.5,5.263
5.0,6.598
5.5,7.934
6.0,10.553
6.5,13.296
7.0,16.762
0.25,0.427
0.5,0.514
0.75,0.66
1.0,0.798
1.5,0.87
2.0,0.636
2.5,0.224
3.0,0.706
3.5,0.751
4.0,1.61
4.5,2.059
5.0,2.86
5.5,3.809
6.0,5.794
6.5,8.242
7.0,11.088
0.25,0.433
0.5,0.521
0.75,0.666
1.0,0.804
1.5,0.876
2.0,0.641
2.5,0.23
3.0,0.704
3.5,0.744
4.0,1.604
4.5,2.053
5.0,2.853
5.5,3.803
6.0,5.788
6.5,8.236
7.0,11.081
0.25,0.056
0.5,0.014
0.75,0.132
1.0,0.287
1.5,0.463
2.0,1.736
2.5,1.553
3.0,2.471
3.5,3.045
4.0,3.966
4.5,4.929
5.0,6.099
5.5,7.699
6.0,10.332
6.5,13.683
7.0,16.719
0.25,0.056
0.5,0.014
0.75,0.132
1.0,0.287
1.5,0.463
2.0,1.736
2.5,1.553
3.0,2.471
3.5,3.045
4.0,3.966
4.5,4.929
5.0,6.099
5.5,7.699
6.0,10.332
6.5,13.683
7.0,16.719
0.25,0.058
0.5,0.298
0.75,0.2
1.0,0.375
1.5,1.013
2.0,1.156
2.5,1.784
3.0,2.61
3.5,2.947
4.0,3.807
4.5,4.678
5.0,6.203
5.5,7.704
6.0,10.522
6.5,13.749
7.0,17.207
0.25,0.061
0.5,0.304
0.75,0.206
1.0,0.37
1.5,1.006
2.0,1.15
2.5,1.778
3.0,2.603
3.5,2.94
4.0,3.801
4.5,4.672
5.0,6.197
5.5,7.698
6.0,10.516
6.5,13.742
7.0,17.201
0.25,0.42
0.5,0.308
0.75,0.218
1.0,0.305
1.5,0.517
2.0,1.107
2.5,1.11
3.0,1.917
3.5,2.686
4.0,3.533
4.5,3.771
5.0,4.325
5.5,4.105
6.0,3.5
6.5,2.191
7.0,1.788
0.25,0.42
0.5,0.308
0.75,0.218
1.0,0.305
1.5,0.517
2.0,1.107
2.5,1.11
3.0,1.917
3.5,2.686
4.0,3.533
4.5,3.771
5.0,4.325
5.5,4.105
6.0,3.5
6.5,2.191
7.0,1.788
0.25,0.16
0.5,0.15
0.75,0.272
1.0,0.655
1.5,0.401
2.0,1.056
2.5,1.649
3.0,2.908
3.5,4.238
4.0,5.515
4.5,6.227
5.0,7.052
5.5,7.333
6.0,7.73
6.5,7.21
7.0,6.985
0.25,0.154
0.5,0.144
0.75,0.266
1.0,0.649
1.5,0.408
2.0,1.062
2.5,1.656
3.0,2.915
3.5,4.244
4.0,5.522
4.5,6.234
5.0,7.058
5.5,7.34
6.0,7.736
6.5,7.217
7.0,6.991
0.25,0.131
0.5,0.17
0.75,0.19
1.0,0.775
1.5,1.375
2.0,2.189
2.5,3.307
3.0,4.873
3.5,6.432
4.0,7.569
4.5,8.604
5.0,9.538
5.5,10.031
6.0,10.089
6.5,9.61
7.0,9.896
0.25,0.44
0.5,0.553
0.75,0.62
1.0,1.015
1.5,1.611
2.0,2.489
2.5,3.61
3.0,5.157
3.5,6.399
4.0,7.301
4.5,7.744
5.0,8.223
5.5,8.491
6.0,7.878
6.5,7.408
7.0,7.271
0.25,0.434
0.5,0.546
0.75,0.627
1.0,1.022
1.5,1.618
2.0,2.496
2.5,3.617
3.0,5.164
3.5,6.406
4.0,7.308
4.5,7.751
5.0,8.23
5.5,8.497
6.0,7.885
6.5,7.415
7.0,7.277
0.25,1.187
0.5,1.639
0.75,1.993
1.0,2.53
1.5,4.137
2.0,6.187
2.5,8.245
3.0,10.595
3.5,12.84
4.0,14.84
4.5,16.124
5.0,18.277
5.5,20.046
6.0,21.114
6.5,22.174
7.0,23.325
0.25,1.187
0.5,1.639
0.75,1.993
1.0,2.53
1.5,4.137
2.0,6.187
2.5,8.245
3.0,10.595
3.5,12.84
4.0,14.84
4.5,16.124
5.0,18.277
5.5,20.046
6.0,21.114
6.5,22.174
7.0,23.325
0.25,0.055
0.5,0.071
0.75,0.093
1.0,0.244
1.5,0.233
2.0,0.521
2.5,0.322
3.0,0.65
3.5,0.396
4.0,2.094
4.5,3.824
5.0,5.742
5.5,8.215
6.0,11.459
6.5,14.922
7.0,18.732
0.25,0.294
0.5,0.572
0.75,0.737
1.0,0.828
1.5,1.092
2.0,1.871
2.5,2.853
3.0,4.357
3.5,6.436
4.0,9.793
4.5,12.932
5.0,16.67
5.5,21.294
6.0,26.695
6.5,32.661
7.0,39.108
0.25,0.294
0.5,0.572
0.75,0.737
1.0,0.828
1.5,1.092
2.0,1.871
2.5,2.853
3.0,4.357
3.5,6.436
4.0,9.793
4.5,12.932
5.0,16.67
5.5,21.294
6.0,26.695
6.5,32.661
7.0,39.108
0.25,0.142
0.5,0.136
0.75,0.143
1.0,0.218
1.5,0.167
2.0,0.47
2.5,0.859
3.0,1.787
3.5,3.282
4.0,5.854
4.5,8.63
5.0,11.791
5.5,15.15
6.0,19.694
6.5,24.518
7.0,29.782
0.25,0.137
0.5,0.129
0.75,0.141
1.0,0.22
1.5,0.173
2.0,0.47
2.5,0.852
3.0,1.781
3.5,3.275
4.0,5.847
4.5,8.623
5.0,11.784
5.5,15.143
6.0,19.687
6.5,24.512
7.0,29.775
0.25,0.07
0.5,0.121
0.75,0.192
1.0,0.253
1.5,0.078
2.0,0.865
2.5,1.838
3.0,3.655
3.5,5.883
4.0,8.872
4.5,12.489
5.0,16.082
5.5,20.433
6.0,25.493
6.5,31.13
7.0,36.688
0.25,0.167
0.5,0.099
0.75,0.132
1.0,0.214
1.5,0.38
2.0,1.33
2.5,2.778
3.0,4.937
3.5,7.249
4.0,10.68
4.5,13.994
5.0,17.812
5.5,22.542
6.0,27.922
6.5,33.168
7.0,39.126
0.25,0.071
0.5,0.046
0.75,0.154
1.0,0.294
1.5,0.886
2.0,2.024
2.5,3.901
3.0,6.221
3.5,8.905
4.0,12.69
4.5,16.378
5.0,20.636
5.5,25.887
6.0,31.719
6.5,37.442
7.0,43.981
0.25,0.056
0.5,0.132
0.75,0.242
1.0,0.245
1.5,0.321
2.0,1.341
2.5,2.976
3.0,4.324
3.5,6.352
4.0,9.363
4.5,12.311
5.0,15.799
5.5,19.762
6.0,23.893
6.5,28.329
7.0,33.307
0.25,0.053
0.5,0.127
0.75,0.238
1.0,0.241
1.5,0.326
2.0,1.346
2.5,2.981
3.0,4.329
3.5,6.358
4.0,9.368
4.5,12.317
5.0,15.804
5.5,19.767
6.0,23.898
6.5,28.334
7.0,33.312
0.25,0.062
0.5,0.034
0.75,0.135
1.0,0.548
1.5,1.214
2.0,2.764
2.5,4.738
3.0,6.951
3.5,9.773
4.0,13.023
4.5,16.7
5.0,20.913
5.5,25.523
6.0,30.417
6.5,35.899
7.0,41.582
0.25,0.058
0.5,0.059
0.75,0.406
1.0,0.606
1.5,1.519
2.0,3.297
2.5,4.798
3.0,6.906
3.5,9.65
4.0,12.767
4.5,16.386
5.0,20.548
5.5,24.477
6.0,29.07
6.5,34.342
7.0,39.277
0.25,0.061
0.5,0.052
0.75,0.399
1.0,0.6
1.5,1.513
2.0,3.291
2.5,4.791
3.0,6.9
3.5,9.643
4.0,12.761
4.5,16.38
5.0,20.541
5.5,24.471
6.0,29.063
6.5,34.335
7.0,39.27
0.25,0.205
0.5,0.229
0.75,0.415
1.0,0.768
1.5,1.649
2.0,2.414
2.5,3.738
3.0,5.336
3.5,6.806
4.0,9.066
4.5,11.698
5.0,13.888
5.5,16.152
6.0,19.207
6.5,22.413
7.0,23.31
0.25,0.085
0.5,0.021
0.75,0.229
1.0,0.409
1.5,0.904
2.0,1.729
2.5,2.872
3.0,3.72
3.5,4.884
4.0,6.425
4.5,8.309
5.0,9.668
5.5,11.456
6.0,13.833
6.5,15.811
7.0,14.885
0.25,0.085
0.5,0.021
0.75,0.229
1.0,0.409
1.5,0.904
2.0,1.729
2.5,2.872
3.0,3.72
3.5,4.884
4.0,6.425
4.5,8.309
5.0,9.668
5.5,11.456
6.0,13.833
6.5,15.811
7.0,14.885
0.25,0.066
0.5,0.277
0.75,0.497
1.0,0.91
1.5,1.044
2.0,1.929
2.5,3.125
3.0,4.0
3.5,5.316
4.0,7.071
4.5,8.44
5.0,9.812
5.5,11.374
6.0,13.604
6.5,13.461
7.0,13.597
0.25,0.198
0.5,0.451
0.75,0.898
1.0,0.992
1.5,1.545
2.0,2.692
2.5,3.599
3.0,4.73
3.5,6.014
4.0,7.676
4.5,8.941
5.0,10.722
5.5,12.424
6.0,14.352
6.5,13.396
7.0,13.533
0.25,0.16
0.5,0.511
0.75,0.49
1.0,0.492
1.5,0.891
2.0,1.778
2.5,2.306
3.0,3.213
3.5,4.255
4.0,5.038
4.5,5.835
5.0,6.999
5.5,7.736
6.0,6.804
6.5,6.168
7.0,5.407
0.25,0.132
0.5,0.464
0.75,0.418
1.0,0.394
1.5,0.725
2.0,1.558
2.5,2.003
3.0,2.808
3.5,3.738
4.0,4.422
4.5,5.087
5.0,6.105
5.5,6.679
6.0,5.615
6.5,4.786
7.0,3.891
0.25,0.389
0.5,0.381
0.75,0.399
1.0,0.782
1.5,1.43
2.0,2.026
2.5,2.751
3.0,3.809
3.5,4.847
4.0,5.745
4.5,6.962
5.0,8.133
5.5,8.922
6.0,7.197
6.5,6.981
7.0,6.429
0.25,0.042
0.5,0.372
0.75,0.485
1.0,1.09
1.5,1.379
2.0,2.182
2.5,3.422
3.0,4.898
3.5,5.721
4.0,7.274
4.5,8.855
5.0,10.053
5.5,8.756
6.0,8.939
6.5,8.951
7.0,8.825
0.25,0.042
0.5,0.372
0.75,0.485
1.0,1.09
1.5,1.379
2.0,2.182
2.5,3.422
3.0,4.898
3.5,5.721
4.0,7.274
4.5,8.855
5.0,10.053
5.5,8.756
6.0,8.939
6.5,8.951
7.0,8.825
0.25,0.368
0.5,0.434
0.75,1.056
1.0,1.185
1.5,1.725
2.0,2.73
2.5,4.079
3.0,5.042
3.5,5.946
4.0,7.358
4.5,8.897
5.0,8.188
5.5,7.846
6.0,7.634
6.5,7.627
7.0,7.509
0.25,0.368
0.5,0.434
0.75,1.056
1.0,1.185
1.5,1.725
2.0,2.73
2.5,4.079
3.0,5.042
3.5,5.946
4.0,7.358
4.5,8.897
5.0,8.188
5.5,7.846
6.0,7.634
6.5,7.627
7.0,7.509
0.25,0.494
0.5,0.45
0.75,0.459
1.0,0.694
1.5,1.151
2.0,1.682
2.5,2.578
3.0,3.071
3.5,3.845
4.0,4.951
4.5,5.665
5.0,3.663
5.5,2.583
6.0,2.234
6.5,1.262
7.0,1.484
0.25,0.439
0.5,0.586
0.75,0.688
1.0,1.01
1.5,1.699
2.0,2.449
2.5,3.626
3.0,4.427
3.5,5.556
4.0,6.998
4.5,8.124
5.0,6.511
5.5,5.949
6.0,5.83
6.5,5.592
7.0,5.358
0.25,0.439
0.5,0.586
0.75,0.688
1.0,1.01
1.5,1.699
2.0,2.449
2.5,3.626
3.0,4.427
3.5,5.556
4.0,6.998
4.5,8.124
5.0,6.511
5.5,5.949
6.0,5.83
6.5,5.592
7.0,5.358
0.25,0.184
0.5,0.316
0.75,0.72
1.0,1.171
1.5,2.189
2.0,2.834
2.5,3.723
3.0,5.131
3.5,6.138
4.0,5.36
4.5,5.131
5.0,4.879
5.5,4.466
6.0,4.731
6.5,4.579
7.0,4.34
0.25,0.184
0.5,0.316
0.75,0.72
1.0,1.171
1.5,2.189
2.0,2.834
2.5,3.723
3.0,5.131
3.5,6.138
4.0,5.36
4.5,5.131
5.0,4.879
5.5,4.466
6.0,4.731
6.5,4.579
7.0,4.34
0.25,0.167
0.5,0.358
0.75,0.654
1.0,1.262
1.5,1.59
2.0,2.025
2.5,2.695
3.0,3.467
3.5,2.002
4.0,1.444
4.5,0.419
5.0,1.272
5.5,1.674
6.0,2.913
6.5,3.557
7.0,5.597
0.25,0.441
0.5,0.325
0.75,0.182
1.0,0.193
1.5,0.439
2.0,0.532
2.5,0.399
3.0,3.056
3.5,5.095
4.0,7.286
4.5,9.24
5.0,11.912
5.5,14.721
6.0,17.325
6.5,20.501
7.0,24.82
0.25,0.09
0.5,0.157
0.75,0.442
1.0,0.491
1.5,0.972
2.0,0.646
2.5,1.473
3.0,2.764
3.5,3.815
4.0,4.596
4.5,5.53
5.0,6.934
5.5,8.67
6.0,10.482
6.5,12.913
7.0,16.684
0.25,0.202
0.5,0.69
0.75,0.817
1.0,1.26
1.5,1.8
2.0,0.517
2.5,0.298
3.0,1.348
3.5,1.804
4.0,2.248
4.5,2.199
5.0,3.28
5.5,4.267
6.0,5.453
6.5,7.214
7.0,10.45
0.25,0.477
0.5,0.6
0.75,1.021
1.0,1.249
1.5,0.223
2.0,1.064
2.5,1.658
3.0,2.611
3.5,3.279
4.0,4.002
4.5,4.359
5.0,5.817
5.5,7.364
6.0,9.321
6.5,11.746
7.0,15.259
0.25,0.305
0.5,0.355
0.75,0.719
1.0,0.893
1.5,0.757
2.0,1.808
2.5,2.648
3.0,3.753
3.5,4.697
4.0,5.698
4.5,6.348
5.0,8.022
5.5,9.918
6.0,12.225
6.5,14.992
7.0,18.807
0.25,0.305
0.5,0.355
0.75,0.719
1.0,0.893
1.5,0.757
2.0,1.808
2.5,2.648
3.0,3.753
3.5,4.697
4.0,5.698
4.5,6.348
5.0,8.022
5.5,9.918
6.0,12.225
6.5,14.992
7.0,18.807
0.25,0.297
0.5,0.441
0.75,0.481
1.0,1.075
1.5,2.316
2.0,3.63
2.5,4.552
3.0,5.65
3.5,6.944
4.0,8.103
4.5,9.356
5.0,11.449
5.5,14.197
6.0,17.378
6.5,20.708
7.0,25.432
0.25,0.094
0.5,0.143
0.75,1.954
1.0,2.852
1.5,4.596
2.0,6.41
2.5,8.0
3.0,9.868
3.5,11.936
4.0,14.236
4.5,16.808
5.0,20.311
5.5,24.77
6.0,29.414
6.5,34.563
7.0,40.821
0.25,0.094
0.5,0.143
0.75,1.954
1.0,2.852
1.5,4.596
2.0,6.41
2.5,8.0
3.0,9.868
3.5,11.936
4.0,14.236
4.5,16.808
5.0,20.311
5.5,24.77
6.0,29.414
6.5,34.563
7.0,40.821
0.25,1.872
0.5,2.497
0.75,3.207
1.0,3.791
1.5,5.288
2.0,6.578
2.5,7.697
3.0,8.892
3.5,10.598
4.0,12.606
4.5,14.827
5.0,18.157
5.5,22.059
6.0,26.337
6.5,30.82
7.0,36.731
0.25,1.872
0.5,2.497
0.75,3.207
1.0,3.791
1.5,5.288
2.0,6.578
2.5,7.697
3.0,8.892
3.5,10.598
4.0,12.606
4.5,14.827
5.0,18.157
5.5,22.059
6.0,26.337
6.5,30.82
7.0,36.731
0.25,0.185
0.5,0.359
0.75,0.353
1.0,0.424
1.5,0.091
2.0,0.977
2.5,1.684
3.0,2.632
3.5,3.326
4.0,4.159
4.5,4.261
5.0,4.077
5.5,3.209
6.0,2.782
6.5,1.319
7.0,1.508
0.25,0.163
0.5,0.186
0.75,0.296
1.0,0.69
1.5,1.495
2.0,2.844
2.5,4.652
3.0,6.377
3.5,7.967
4.0,9.779
4.5,11.093
5.0,11.904
5.5,12.468
6.0,13.266
6.5,13.495
7.0,13.312
0.25,0.147
0.5,0.697
0.75,1.327
1.0,2.225
1.5,4.193
2.0,6.717
2.5,9.732
3.0,14.335
3.5,19.795
4.0,26.134
4.5,33.756
5.0,43.064
5.5,53.76
6.0,64.98
6.5,77.41
7.0,92.464
0.25,0.069
0.5,0.244
0.75,0.488
1.0,0.816
1.5,1.609
2.0,2.734
2.5,3.703
3.0,4.563
3.5,5.153
4.0,5.158
4.5,4.998
5.0,4.411
5.5,3.307
6.0,2.144
6.5,0.258
7.0,3.597
0.25,0.069
0.5,0.232
0.75,0.477
1.0,0.805
1.5,1.597
2.0,2.722
2.5,3.691
3.0,4.551
3.5,5.141
4.0,5.147
4.5,4.986
5.0,4.4
5.5,3.295
6.0,2.134
6.5,0.257
7.0,3.608
0.25,0.099
0.5,0.166
0.75,0.201
1.0,0.437
1.5,0.382
2.0,0.591
2.5,0.139
3.0,0.816
3.5,2.008
4.0,4.046
4.5,6.442
5.0,9.548
5.5,13.412
6.0,17.839
6.5,22.927
7.0,30.354
0.25,0.095
0.5,0.159
0.75,0.195
1.0,0.432
1.5,0.375
2.0,0.586
2.5,0.134
3.0,0.82
3.5,2.015
4.0,4.053
4.5,6.448
5.0,9.554
5.5,13.419
6.0,17.845
6.5,22.934
7.0,30.36
0.25,0.066
0.5,0.153
0.75,0.239
1.0,0.248
1.5,0.139
2.0,0.414
2.5,0.928
3.0,2.324
3.5,4.402
4.0,6.812
4.5,9.794
5.0,13.507
5.5,18.406
6.0,23.696
6.5,30.357
7.0,38.876
0.25,0.156
0.5,0.253
0.75,0.202
1.0,0.363
1.5,0.156
2.0,0.558
2.5,1.13
3.0,2.825
3.5,5.121
4.0,8.032
4.5,11.101
5.0,15.26
5.5,20.243
6.0,26.45
6.5,33.755
7.0,43.151
0.25,0.15
0.5,0.247
0.75,0.197
1.0,0.358
1.5,0.151
2.0,0.562
2.5,1.136
3.0,2.83
3.5,5.126
4.0,8.036
4.5,11.106
5.0,15.265
5.5,20.247
6.0,26.454
6.5,33.759
7.0,43.154
0.25,0.22
0.5,0.252
0.75,0.243
1.0,0.469
1.5,1.177
2.0,2.292
2.5,4.081
3.0,6.737
3.5,9.812
4.0,13.784
4.5,18.046
5.0,23.432
5.5,30.05
6.0,38.27
6.5,47.259
7.0,58.92
0.25,0.227
0.5,0.258
0.75,0.249
1.0,0.475
1.5,1.184
2.0,2.299
2.5,4.088
3.0,6.743
3.5,9.819
4.0,13.791
4.5,18.053
5.0,23.438
5.5,30.057
6.0,38.276
6.5,47.265
7.0,58.926
0.25,0.144
0.5,0.063
0.75,0.225
1.0,0.445
1.5,1.285
2.0,2.612
2.5,4.613
3.0,7.327
3.5,10.735
4.0,14.399
4.5,18.705
5.0,24.52
5.5,31.946
6.0,40.328
6.5,50.203
7.0,61.872
0.25,0.138
0.5,0.057
0.75,0.231
1.0,0.451
1.5,1.292
2.0,2.618
2.5,4.619
3.0,7.334
3.5,10.742
4.0,14.405
4.5,18.712
5.0,24.527
5.5,31.953
6.0,40.335
6.5,50.21
7.0,61.879
0.25,0.06
0.5,0.197
0.75,0.414
1.0,0.697
1.5,1.473
2.0,3.291
2.5,5.226
3.0,7.958
3.5,11.083
4.0,15.025
4.5,19.338
5.0,25.406
5.5,33.201
6.0,42.152
6.5,52.013
7.0,64.106
0.25,0.088
0.5,0.231
0.75,0.392
1.0,0.598
1.5,1.528
2.0,3.026
2.5,4.943
3.0,7.224
3.5,10.143
4.0,13.602
4.5,17.706
5.0,23.845
5.5,31.543
6.0,40.137
6.5,49.304
7.0,60.853
0.25,0.101
0.5,0.194
0.75,0.335
1.0,0.613
1.5,1.664
2.0,3.133
2.5,5.064
3.0,7.389
3.5,10.466
4.0,13.882
4.5,18.037
5.0,24.544
5.5,32.427
6.0,41.15
6.5,50.833
7.0,61.909
0.25,0.101
0.5,0.194
0.75,0.335
1.0,0.613
1.5,1.664
2.0,3.133
2.5,5.064
3.0,7.389
3.5,10.466
4.0,13.882
4.5,18.037
5.0,24.544
5.5,32.427
6.0,41.15
6.5,50.833
7.0,61.909
0.25,0.08
0.5,0.052
0.75,0.315
1.0,0.541
1.5,1.446
2.0,2.639
2.5,3.799
3.0,5.716
3.5,8.105
4.0,11.451
4.5,15.701
5.0,21.681
5.5,29.034
6.0,37.094
6.5,45.466
7.0,55.642
0.25,0.074
0.5,0.045
0.75,0.321
1.0,0.547
1.5,1.453
2.0,2.646
2.5,3.806
3.0,5.722
3.5,8.112
4.0,11.457
4.5,15.707
5.0,21.688
5.5,29.041
6.0,37.101
6.5,45.473
7.0,55.648
0.25,0.235
0.5,0.355
0.75,0.757
1.0,1.006
1.5,1.97
2.0,2.889
2.5,4.042
3.0,5.763
3.5,8.251
4.0,12.193
4.5,16.767
5.0,22.775
5.5,29.84
6.0,38.048
6.5,46.272
7.0,56.484
0.25,0.222
0.5,0.255
0.75,0.333
1.0,0.561
1.5,1.197
2.0,1.812
2.5,2.484
3.0,4.044
3.5,6.831
4.0,10.315
4.5,14.751
5.0,20.275
5.5,27.355
6.0,34.586
6.5,42.421
7.0,52.147
0.25,0.217
0.5,0.25
0.75,0.328
1.0,0.556
1.5,1.192
2.0,1.807
2.5,2.479
3.0,4.039
3.5,6.825
4.0,10.31
4.5,14.746
5.0,20.27
5.5,27.35
6.0,34.58
6.5,42.415
7.0,52.142
0.25,0.183
0.5,0.443
0.75,0.577
1.0,0.801
1.5,1.535
2.0,2.651
2.5,4.12
3.0,7.181
3.5,11.532
4.0,16.637
4.5,22.049
5.0,29.346
5.5,37.365
6.0,46.495
6.5,56.227
7.0,68.03
0.25,0.344
0.5,0.518
0.75,0.846
1.0,1.124
1.5,2.578
2.0,4.271
2.5,7.094
3.0,11.143
3.5,16.87
4.0,23.26
4.5,30.632
5.0,38.744
5.5,48.566
6.0,59.543
6.5,71.363
7.0,85.225
0.25,0.138
0.5,0.162
0.75,0.353
1.0,0.712
1.5,1.621
2.0,3.526
2.5,6.215
3.0,10.285
3.5,15.612
4.0,21.699
4.5,27.981
5.0,35.693
5.5,45.078
6.0,55.491
6.5,66.686
7.0,79.48
0.25,0.084
0.5,0.286
0.75,0.627
1.0,0.938
1.5,2.17
2.0,4.801
2.5,8.089
3.0,12.606
3.5,17.991
4.0,24.478
4.5,31.013
5.0,39.307
5.5,49.084
6.0,60.076
6.5,71.374
7.0,84.646
0.25,0.205
0.5,0.205
0.75,0.15
1.0,0.434
1.5,1.761
2.0,3.841
2.5,6.23
3.0,9.751
3.5,13.473
4.0,17.77
4.5,22.685
5.0,28.85
5.5,36.617
6.0,44.595
6.5,52.77
7.0,61.988
0.25,0.122
0.5,0.201
0.75,0.157
1.0,0.47
1.5,1.676
2.0,3.245
2.5,4.689
3.0,7.257
3.5,9.832
4.0,13.155
4.5,16.659
5.0,21.386
5.5,27.061
6.0,33.289
6.5,39.006
7.0,45.227
0.25,0.202
0.5,0.442
0.75,0.847
1.0,1.377
1.5,3.148
2.0,5.23
2.5,7.805
3.0,10.298
3.5,13.702
4.0,17.877
4.5,22.424
5.0,28.114
5.5,34.772
6.0,41.832
6.5,48.276
7.0,55.227
0.25,0.202
0.5,0.442
0.75,0.847
1.0,1.377
1.5,3.148
2.0,5.23
2.5,7.805
3.0,10.298
3.5,13.702
4.0,17.877
4.5,22.424
5.0,28.114
5.5,34.772
6.0,41.832
6.5,48.276
7.0,55.227
0.25,0.092
0.5,0.092
0.75,0.114
1.0,0.251
1.5,0.069
2.0,0.435
2.5,0.402
3.0,0.865
3.5,0.281
4.0,1.005
4.5,0.985
5.0,2.089
5.5,2.817
6.0,3.234
6.5,2.096
7.0,1.875
0.25,0.46
0.5,0.734
0.75,1.189
1.0,1.429
1.5,2.684
2.0,3.73
2.5,4.949
3.0,6.864
3.5,9.637
4.0,12.84
4.5,15.974
5.0,19.751
5.5,23.626
6.0,26.882
6.5,29.411
7.0,32.029
0.25,0.081
0.5,0.121
0.75,0.144
1.0,0.433
1.5,0.246
2.0,0.524
2.5,0.519
3.0,1.258
3.5,2.555
4.0,4.109
4.5,5.308
5.0,6.695
5.5,7.874
6.0,8.404
6.5,8.069
7.0,7.85
0.25,0.157
0.5,0.53
0.75,0.25
1.0,0.755
1.5,1.623
2.0,2.262
2.5,2.907
3.0,3.305
3.5,3.333
4.0,3.362
4.5,3.973
5.0,5.237
5.5,6.718
6.0,8.963
6.5,12.043
7.0,15.833
0.25,0.151
0.5,0.523
0.75,0.244
1.0,0.749
1.5,1.617
2.0,2.255
2.5,2.9
3.0,3.299
3.5,3.327
4.0,3.356
4.5,3.967
5.0,5.231
5.5,6.711
6.0,8.956
6.5,12.037
7.0,15.826
0.25,0.3
0.5,0.385
0.75,0.192
1.0,0.2
1.5,0.022
2.0,0.677
2.5,1.255
3.0,2.442
3.5,3.875
4.0,5.611
4.5,6.372
5.0,6.987
5.5,7.364
6.0,7.284
6.5,6.13
7.0,5.521
0.25,0.544
0.5,0.484
0.75,0.52
1.0,0.58
1.5,0.927
2.0,1.944
2.5,3.184
3.0,4.862
3.5,7.222
4.0,9.453
4.5,10.959
5.0,12.334
5.5,13.626
6.0,14.44
6.5,14.391
7.0,14.743
0.25,0.237
0.5,0.417
0.75,0.614
1.0,0.63
1.5,0.238
2.0,0.642
2.5,1.343
3.0,2.539
3.5,4.402
4.0,5.545
4.5,5.836
5.0,6.054
5.5,6.275
6.0,6.122
6.5,4.455
7.0,3.448
0.25,0.237
0.5,0.417
0.75,0.614
1.0,0.63
1.5,0.238
2.0,0.642
2.5,1.343
3.0,2.539
3.5,4.402
4.0,5.545
4.5,5.836
5.0,6.054
5.5,6.275
6.0,6.122
6.5,4.455
7.0,3.448
0.25,0.133
0.5,0.27
0.75,0.294
1.0,0.334
1.5,0.27
2.0,1.429
2.5,2.207
3.0,3.723
3.5,5.296
4.0,6.221
4.5,6.127
5.0,6.199
5.5,5.938
6.0,5.464
6.5,3.591
7.0,2.18
0.25,0.133
0.5,0.27
0.75,0.294
1.0,0.334
1.5,0.27
2.0,1.429
2.5,2.207
3.0,3.723
3.5,5.296
4.0,6.221
4.5,6.127
5.0,6.199
5.5,5.938
6.0,5.464
6.5,3.591
7.0,2.18
0.25,0.076
0.5,0.085
0.75,0.347
1.0,0.649
1.5,1.704
2.0,3.333
2.5,4.624
3.0,6.694
3.5,8.547
4.0,9.816
4.5,10.175
5.0,10.644
5.5,11.342
6.0,11.216
6.5,9.794
7.0,8.539
0.25,0.127
0.5,0.129
0.75,0.208
1.0,0.428
1.5,1.256
2.0,2.044
2.5,2.579
3.0,3.044
3.5,3.042
4.0,2.311
4.5,0.641
5.0,1.605
5.5,3.181
6.0,6.429
6.5,10.85
7.0,15.761
0.25,0.097
0.5,0.085
0.75,0.175
1.0,0.303
1.5,0.213
2.0,0.421
2.5,1.179
3.0,3.09
3.5,5.517
4.0,8.99
4.5,13.396
5.0,18.054
5.5,23.507
6.0,30.778
6.5,39.369
7.0,48.72
0.25,0.13
0.5,0.173
0.75,0.33
1.0,0.378
1.5,0.631
2.0,0.542
2.5,0.765
3.0,2.584
3.5,4.865
4.0,8.184
4.5,12.354
5.0,16.806
5.5,22.047
6.0,29.071
6.5,37.388
7.0,46.411
0.25,0.06
0.5,0.021
0.75,0.278
1.0,0.437
1.5,0.616
2.0,1.96
2.5,4.113
3.0,7.193
3.5,10.737
4.0,15.096
4.5,20.814
5.0,27.059
5.5,34.182
6.0,43.2
6.5,53.452
7.0,64.608
0.25,0.095
0.5,0.394
0.75,0.639
1.0,0.789
1.5,1.717
2.0,3.724
2.5,6.761
3.0,10.471
3.5,15.017
4.0,20.3
4.5,26.808
5.0,34.225
5.5,42.634
6.0,52.761
6.5,64.334
7.0,76.472
0.25,0.167
0.5,0.34
0.75,0.627
1.0,0.791
1.5,0.755
2.0,0.346
2.5,1.006
3.0,2.748
3.5,4.116
4.0,6.602
4.5,9.947
5.0,13.782
5.5,17.887
6.0,23.838
6.5,30.282
7.0,37.894
0.25,0.195
0.5,0.395
0.75,0.71
1.0,0.906
1.5,0.95
2.0,0.53
2.5,0.59
3.0,2.207
3.5,3.399
4.0,5.715
4.5,8.849
5.0,12.464
5.5,16.326
6.0,22.021
6.5,28.182
7.0,35.489
0.25,0.242
0.5,0.481
0.75,0.665
1.0,0.757
1.5,0.524
2.0,0.374
2.5,1.07
3.0,2.187
3.5,3.292
4.0,5.542
4.5,8.45
5.0,11.803
5.5,15.413
6.0,20.545
6.5,26.937
7.0,32.142
0.25,0.237
0.5,0.476
0.75,0.66
1.0,0.751
1.5,0.519
2.0,0.375
2.5,1.075
3.0,2.192
3.5,3.297
4.0,5.547
4.5,8.455
5.0,11.808
5.5,15.419
6.0,20.55
6.5,26.942
7.0,32.147
0.25,0.137
0.5,0.341
0.75,0.766
1.0,1.379
1.5,3.125
2.0,5.254
2.5,8.062
3.0,11.661
3.5,15.356
4.0,20.584
4.5,26.947
5.0,33.721
5.5,41.536
6.0,50.255
6.5,60.189
7.0,70.572
0.25,0.029
0.5,0.169
0.75,0.47
1.0,0.837
1.5,1.784
2.0,3.038
2.5,4.718
3.0,6.432
3.5,8.635
4.0,11.993
4.5,16.135
5.0,20.796
5.5,25.567
6.0,30.851
6.5,37.995
7.0,44.673
0.25,0.04
0.5,0.113
0.75,0.247
1.0,0.529
1.5,0.677
2.0,0.94
2.5,1.664
3.0,2.32
3.5,3.132
4.0,5.068
4.5,7.524
5.0,10.239
5.5,13.085
6.0,15.798
6.5,19.351
7.0,23.363
0.25,0.041
0.5,0.149
0.75,0.181
1.0,0.29
1.5,0.07
2.0,0.511
2.5,0.291
3.0,0.671
3.5,0.201
4.0,1.067
4.5,2.154
5.0,3.427
5.5,4.692
6.0,5.949
6.5,7.992
7.0,10.274
0.25,0.041
0.5,0.149
0.75,0.181
1.0,0.29
1.5,0.07
2.0,0.511
2.5,0.291
3.0,0.671
3.5,0.201
4.0,1.067
4.5,2.154
5.0,3.427
5.5,4.692
6.0,5.949
6.5,7.992
7.0,10.274
0.25,0.11
0.5,0.096
0.75,0.201
1.0,0.313
1.5,0.321
2.0,0.685
2.5,0.24
3.0,0.57
3.5,0.243
4.0,1.595
4.5,3.126
5.0,5.96
5.5,5.93
6.0,7.341
6.5,9.736
7.0,12.485
0.25,0.129
0.5,0.051
0.75,0.207
1.0,0.283
1.5,0.351
2.0,0.47
2.5,0.945
3.0,1.935
3.5,2.86
4.0,5.09
4.5,8.199
5.0,9.713
5.5,11.428
6.0,14.333
6.5,18.119
7.0,22.365
0.25,0.134
0.5,0.213
0.75,0.09
1.0,0.182
1.5,0.248
2.0,0.562
2.5,1.567
3.0,2.411
3.5,3.901
4.0,6.196
4.5,7.509
5.0,10.343
5.5,12.421
6.0,15.505
6.5,19.713
7.0,24.035
0.25,0.328
0.5,0.148
0.75,0.36
1.0,0.701
1.5,0.758
2.0,0.465
2.5,0.659
3.0,1.694
3.5,2.553
4.0,3.713
4.5,5.973
5.0,7.441
5.5,9.194
6.0,12.029
6.5,15.696
7.0,19.685
0.25,0.206
0.5,0.077
0.75,0.153
1.0,0.239
1.5,0.097
2.0,1.106
2.5,2.24
3.0,3.627
3.5,5.216
4.0,6.489
4.5,8.212
5.0,10.334
5.5,12.544
6.0,16.068
6.5,20.351
7.0,24.629
0.25,0.211
0.5,0.082
0.75,0.151
1.0,0.236
1.5,0.103
2.0,1.111
2.5,2.246
3.0,3.632
3.5,5.222
4.0,6.495
4.5,8.218
5.0,10.339
5.5,12.549
6.0,16.073
6.5,20.356
7.0,24.634
0.25,0.09
0.5,0.025
0.75,0.209
1.0,0.467
1.5,1.15
2.0,2.337
2.5,4.066
3.0,5.985
3.5,7.245
4.0,10.239
4.5,12.643
5.0,15.974
5.5,19.401
6.0,23.685
6.5,29.136
7.0,35.002
0.25,0.094
0.5,0.019
0.75,0.204
1.0,0.461
1.5,1.144
2.0,2.331
2.5,4.059
3.0,5.978
3.5,7.239
4.0,10.232
4.5,12.637
5.0,15.968
5.5,19.395
6.0,23.678
6.5,29.13
7.0,34.996
0.25,0.051
0.5,0.166
0.75,0.339
1.0,0.654
1.5,0.951
2.0,2.031
2.5,2.991
3.0,4.926
3.5,5.489
4.0,6.016
4.5,7.926
5.0,10.146
5.5,12.375
6.0,15.516
6.5,19.582
7.0,95.313
0.25,0.045
0.5,0.159
0.75,0.333
1.0,0.648
1.5,0.945
2.0,2.025
2.5,2.986
3.0,4.921
3.5,5.484
4.0,6.011
4.5,7.921
5.0,10.141
5.5,12.371
6.0,15.512
6.5,19.579
7.0,95.309
0.25,0.024
0.5,0.033
0.75,0.248
1.0,0.32
1.5,0.278
2.0,0.99
2.5,0.84
3.0,1.933
3.5,1.574
4.0,1.659
4.5,2.311
5.0,3.652
5.5,4.532
6.0,6.216
6.5,8.806
7.0,127.242
0.25,0.024
0.5,0.033
0.75,0.248
1.0,0.32
1.5,0.278
2.0,0.99
2.5,0.84
3.0,1.933
3.5,1.574
4.0,1.659
4.5,2.311
5.0,3.652
5.5,4.532
6.0,6.216
6.5,8.806
7.0,127.242
0.25,0.033
0.5,0.132
0.75,0.205
1.0,0.24
1.5,0.43
2.0,0.544
2.5,1.231
3.0,1.066
3.5,0.329
4.0,0.787
4.5,0.736
5.0,1.841
5.5,2.412
6.0,3.84
6.5,62.942
7.0,185.497
0.25,0.033
0.5,0.132
0.75,0.205
1.0,0.24
1.5,0.43
2.0,0.544
2.5,1.231
3.0,1.066
3.5,0.329
4.0,0.787
4.5,0.736
5.0,1.841
5.5,2.412
6.0,3.84
6.5,62.942
7.0,185.497
0.25,0.126
0.5,0.049
0.75,0.136
1.0,0.366
1.5,1.013
2.0,0.636
2.5,1.204
3.0,1.539
3.5,2.018
4.0,2.201
4.5,1.529
5.0,1.274
5.5,0.558
6.0,117.869
6.5,241.201
7.0,359.769
0.25,0.137
0.5,0.061
0.75,0.135
1.0,0.356
1.5,1.025
2.0,0.646
2.5,1.216
3.0,1.55
3.5,2.03
4.0,2.213
4.5,1.54
5.0,1.282
5.5,0.568
6.0,117.857
6.5,241.19
7.0,359.757
0.25,0.104
0.5,0.137
0.75,0.122
1.0,0.815
1.5,1.563
2.0,1.689
2.5,2.918
3.0,3.572
3.5,4.37
4.0,5.146
4.5,5.102
5.0,5.143
5.5,74.587
6.0,188.478
6.5,307.149
7.0,425.871
0.25,0.086
0.5,0.128
0.75,1.404
1.0,0.384
1.5,0.198
2.0,0.438
2.5,0.311
3.0,1.307
3.5,2.077
4.0,3.855
4.5,6.323
5.0,109.582
5.5,225.691
6.0,340.898
6.5,463.773
0.25,0.192
0.5,0.925
0.75,0.529
1.0,0.307
1.5,0.146
2.0,0.443
2.5,1.294
3.0,2.713
3.5,4.213
4.0,6.685
4.5,10.004
5.0,145.506
5.5,261.391
6.0,377.56
0.25,0.187
0.5,0.92
0.75,0.534
1.0,0.312
1.5,0.143
2.0,0.445
2.5,1.299
3.0,2.718
3.5,4.218
4.0,6.69
4.5,10.009
5.0,145.511
5.5,261.397
6.0,377.565
0.25,0.496
0.5,1.493
0.75,1.093
1.0,1.615
1.5,2.206
2.0,3.715
2.5,6.053
3.0,9.13
3.5,12.617
4.0,16.831
4.5,64.802
5.0,190.42
5.5,307.439
6.0,427.599
0.25,3.445
0.5,9.148
0.75,17.436
1.0,27.791
1.5,55.803
2.0,93.616
2.5,142.348
3.0,202.007
3.5,271.062
4.0,350.0
0.25,1.288
0.5,5.208
0.75,11.829
1.0,21.787
1.5,50.866
2.0,90.644
2.5,140.677
3.0,203.316
3.5,278.059
4.0,392.401
0.25,1.288
0.5,5.208
0.75,11.829
1.0,21.786
1.5,50.866
2.0,90.643
2.5,140.676
3.0,203.315
3.5,278.058
4.0,392.4
0.25,0.293
0.5,0.303
0.75,0.27
1.0,0.283
1.5,0.565
2.0,2.166
2.5,4.171
3.0,6.088
3.5,44.235
4.0,161.053
4.5,283.769
5.0,405.623
0.25,0.293
0.5,0.303
0.75,0.27
1.0,0.283
1.5,0.565
2.0,2.166
2.5,4.171
3.0,6.088
3.5,44.235
4.0,161.053
4.5,283.769
5.0,405.623
0.25,0.115
0.5,0.223
0.75,0.573
1.0,0.809
1.5,2.025
2.0,3.803
2.5,5.779
3.0,35.355
3.5,150.129
4.0,266.807
4.5,389.863
0.25,0.186
0.5,0.298
0.75,0.506
1.0,0.795
1.5,1.391
2.0,2.51
2.5,4.066
3.0,137.379
3.5,251.129
4.0,365.313
4.5,486.355
0.25,0.035
0.5,0.224
0.75,0.504
1.0,0.797
1.5,1.559
2.0,2.439
2.5,46.447
3.0,167.326
3.5,279.55
4.0,394.867
0.25,0.032
0.5,0.218
0.75,0.498
1.0,0.791
1.5,1.552
2.0,2.432
2.5,46.44
3.0,167.32
3.5,279.543
4.0,394.86
0.25,0.077
0.5,0.059
0.75,0.141
1.0,0.234
1.5,0.589
2.0,12.995
2.5,132.994
3.0,250.922
3.5,359.79
4.0,472.358
0.25,0.077
0.5,0.059
0.75,0.141
1.0,0.234
1.5,0.589
2.0,12.995
2.5,132.994
3.0,250.922
3.5,359.79
4.0,472.358
0.25,0.058
0.5,0.11
0.75,0.209
1.0,0.196
1.5,20.396
2.0,133.855
2.5,254.626
3.0,370.682
3.5,480.896
0.25,0.053
0.5,0.095
0.75,0.283
1.0,0.228
1.5,108.16
2.0,223.104
2.5,341.443
3.0,457.939
0.25,0.053
0.5,0.095
0.75,0.283
1.0,0.228
1.5,108.16
2.0,223.104
2.5,341.443
3.0,457.939
0.25,0.106
0.5,0.263
0.75,0.227
1.0,71.4
1.5,184.152
2.0,297.514
2.5,417.286
0.25,0.113
0.5,0.257
0.75,0.222
1.0,71.393
1.5,184.145
2.0,297.507
2.5,417.28
0.25,0.406
0.5,0.581
0.75,73.049
1.0,132.912
1.5,245.788
2.0,359.275
2.5,479.44
0.25,42.244
0.5,101.663
0.75,164.063
1.0,222.554
1.5,332.929
2.0,447.198
0.25,42.232
0.5,101.651
0.75,164.051
1.0,222.542
1.5,332.917
2.0,447.186
0.25,2.435
0.5,3.363
0.75,3.834
1.0,2.174
1.5,1.35
2.0,2.582
2.5,2.444
3.0,1.213
3.5,4.306
4.0,6.152
4.5,8.832
5.0,15.401
5.5,21.103
6.0,24.659
6.5,29.291
7.0,38.907
0.25,2.428
0.5,3.356
0.75,3.828
1.0,2.168
1.5,1.344
2.0,2.576
2.5,2.438
3.0,1.218
3.5,4.313
4.0,6.159
4.5,8.839
5.0,15.408
5.5,21.11
6.0,24.666
6.5,29.298
7.0,38.913
0.25,1.703
0.5,2.994
0.75,3.759
1.0,5.696
1.5,9.996
2.0,15.253
2.5,21.608
3.0,29.959
3.5,39.564
4.0,50.202
4.5,61.439
5.0,74.655
5.5,88.619
6.0,103.697
6.5,120.045
7.0,138.98
0.25,0.617
0.5,0.895
0.75,1.041
1.0,1.479
1.5,1.61
2.0,2.681
2.5,3.442
3.0,3.971
3.5,4.04
4.0,5.094
4.5,6.493
5.0,7.709
5.5,8.674
6.0,9.577
6.5,10.707
7.0,11.27
0.25,0.611
0.5,0.889
0.75,1.035
1.0,1.472
1.5,1.603
2.0,2.674
2.5,3.436
3.0,3.964
3.5,4.033
4.0,5.087
4.5,6.486
5.0,7.702
5.5,8.667
6.0,9.571
6.5,10.7
7.0,11.263
0.25,0.146
0.5,0.345
0.75,0.201
1.0,0.438
1.5,0.933
2.0,1.675
2.5,2.989
3.0,4.313
3.5,6.219
4.0,7.73
4.5,9.237
5.0,11.023
5.5,14.044
6.0,16.838
6.5,19.768
7.0,23.254
0.25,0.153
0.5,0.351
0.75,0.207
1.0,0.444
1.5,0.94
2.0,1.681
2.5,2.996
3.0,4.32
3.5,6.226
4.0,7.737
4.5,9.243
5.0,11.03
5.5,14.051
6.0,16.845
6.5,19.775
7.0,23.26
0.25,0.247
0.5,0.405
0.75,0.484
1.0,0.48
1.5,0.638
2.0,0.656
2.5,0.384
3.0,0.557
3.5,0.399
4.0,0.874
4.5,0.092
5.0,0.936
5.5,1.319
6.0,2.189
6.5,2.471
7.0,3.851
0.25,0.057
0.5,0.011
0.75,0.077
1.0,0.238
1.5,0.069
2.0,0.339
2.5,0.152
3.0,0.544
3.5,0.277
4.0,1.427
4.5,1.328
5.0,1.508
5.5,0.575
6.0,1.591
6.5,1.423
7.0,1.773
0.25,0.02
0.5,0.045
0.75,0.127
1.0,0.303
1.5,0.546
2.0,1.292
2.5,1.35
3.0,1.569
3.5,1.326
4.0,1.818
4.5,2.073
5.0,3.078
5.5,4.088
6.0,4.94
6.5,5.012
7.0,6.533
0.25,0.02
0.5,0.045
0.75,0.127
1.0,0.303
1.5,0.546
2.0,1.292
2.5,1.35
3.0,1.569
3.5,1.326
4.0,1.818
4.5,2.073
5.0,3.078
5.5,4.088
6.0,4.94
6.5,5.012
7.0,6.533
0.25,0.066
0.5,0.164
0.75,0.152
1.0,0.245
1.5,0.438
2.0,0.554
2.5,0.117
3.0,0.993
3.5,1.379
4.0,1.434
4.5,1.47
5.0,1.788
5.5,1.075
6.0,2.1
6.5,2.394
7.0,2.407
0.25,0.067
0.5,0.171
0.75,0.157
1.0,0.248
1.5,0.445
2.0,0.559
2.5,0.112
3.0,0.988
3.5,1.372
4.0,1.429
4.5,1.464
5.0,1.782
5.5,1.069
6.0,2.095
6.5,2.387
7.0,2.402
0.25,0.22
0.5,0.255
0.75,0.236
1.0,0.265
1.5,0.546
2.0,0.362
2.5,0.746
3.0,1.687
3.5,1.363
4.0,1.966
4.5,2.405
5.0,2.951
5.5,2.51
6.0,3.729
6.5,4.464
7.0,4.551
0.25,0.227
0.5,0.262
0.75,0.242
1.0,0.27
1.5,0.552
2.0,0.363
2.5,0.739
3.0,1.68
3.5,1.357
4.0,1.96
4.5,2.399
5.0,2.944
5.5,2.503
6.0,3.723
6.5,4.458
7.0,4.545
0.25,0.078
0.5,0.042
0.75,0.097
1.0,0.26
1.5,0.256
2.0,0.423
2.5,1.309
3.0,1.421
3.5,1.211
4.0,1.633
4.5,2.056
5.0,2.23
5.5,1.911
6.0,2.888
6.5,3.207
7.0,3.525
0.25,0.084
0.5,0.048
0.75,0.092
1.0,0.265
1.5,0.263
2.0,0.419
2.5,1.302
3.0,1.415
3.5,1.204
4.0,1.627
4.5,2.049
5.0,2.224
5.5,1.905
6.0,2.882
6.5,3.2
7.0,3.519
0.25,0.116
0.5,0.223
0.75,0.173
1.0,0.339
1.5,0.236
2.0,0.665
2.5,1.495
3.0,0.858
3.5,0.268
4.0,0.827
4.5,0.573
5.0,1.072
5.5,0.561
6.0,1.291
6.5,0.303
7.0,1.645
0.25,0.116
0.5,0.223
0.75,0.173
1.0,0.339
1.5,0.236
2.0,0.665
2.5,1.495
3.0,0.858
3.5,0.268
4.0,0.827
4.5,0.573
5.0,1.072
5.5,0.561
6.0,1.291
6.5,0.303
7.0,1.645
0.25,0.385
0.5,0.21
0.75,0.279
1.0,0.207
1.5,0.188
2.0,1.1
2.5,0.95
3.0,0.943
3.5,0.098
4.0,0.937
4.5,0.54
5.0,1.086
5.5,0.686
6.0,1.322
6.5,0.124
7.0,1.684
0.25,0.391
0.5,0.216
0.75,0.285
1.0,0.208
1.5,0.181
2.0,1.094
2.5,0.943
3.0,0.937
3.5,0.093
4.0,0.934
4.5,0.534
5.0,1.085
5.5,0.693
6.0,1.325
6.5,0.128
7.0,1.687
0.25,0.15
0.5,0.228
0.75,0.53
1.0,0.471
1.5,1.176
2.0,1.547
2.5,1.547
3.0,1.273
3.5,0.773
4.0,1.2
4.5,1.236
5.0,1.202
5.5,0.338
6.0,1.361
6.5,0.269
7.0,1.626
0.25,0.123
0.5,0.011
0.75,0.095
1.0,0.289
1.5,0.021
2.0,0.685
2.5,1.321
3.0,2.769
3.5,4.096
4.0,5.621
4.5,6.571
5.0,8.824
5.5,11.319
6.0,12.979
6.5,14.71
7.0,17.91
0.25,0.123
0.5,0.011
0.75,0.095
1.0,0.289
1.5,0.021
2.0,0.685
2.5,1.321
3.0,2.769
3.5,4.096
4.0,5.621
4.5,6.571
5.0,8.824
5.5,11.319
6.0,12.979
6.5,14.71
7.0,17.91
0.25,0.192
0.5,0.08
0.75,0.125
1.0,0.401
1.5,0.39
2.0,0.806
2.5,1.647
3.0,2.906
3.5,4.569
4.0,5.743
4.5,6.936
5.0,9.46
5.5,11.805
6.0,13.613
6.5,15.519
7.0,18.445
0.25,0.186
0.5,0.073
0.75,0.121
1.0,0.396
1.5,0.383
2.0,0.812
2.5,1.653
3.0,2.913
3.5,4.576
4.0,5.75
4.5,6.943
5.0,9.467
5.5,11.812
6.0,13.62
6.5,15.526
7.0,18.452
0.25,0.254
0.5,0.177
0.75,0.184
1.0,0.339
1.5,1.634
2.0,3.093
2.5,4.737
3.0,6.596
3.5,9.352
4.0,11.602
4.5,14.155
5.0,17.828
5.5,21.406
6.0,24.779
6.5,27.997
7.0,32.616
0.25,0.176
0.5,0.334
0.75,0.473
1.0,0.35
1.5,1.296
2.0,2.529
2.5,3.589
3.0,5.262
3.5,7.159
4.0,8.922
4.5,10.867
5.0,13.47
5.5,16.546
6.0,19.145
6.5,21.268
7.0,24.84
0.25,0.176
0.5,0.334
0.75,0.473
1.0,0.35
1.5,1.296
2.0,2.529
2.5,3.589
3.0,5.262
3.5,7.159
4.0,8.922
4.5,10.867
5.0,13.47
5.5,16.546
6.0,19.145
6.5,21.268
7.0,24.84
0.25,0.113
0.5,0.124
0.75,1.231
1.0,2.038
1.5,3.8
2.0,5.89
2.5,7.905
3.0,10.759
3.5,14.104
4.0,17.303
4.5,20.832
5.0,24.983
5.5,29.977
6.0,34.161
6.5,38.374
7.0,44.335
0.25,0.11
0.5,0.13
0.75,1.238
1.0,2.044
1.5,3.807
2.0,5.897
2.5,7.912
3.0,10.766
3.5,14.11
4.0,17.31
4.5,20.839
5.0,24.989
5.5,29.984
6.0,34.168
6.5,38.381
7.0,44.341
0.25,0.654
0.5,0.987
0.75,1.581
1.0,1.931
1.5,3.184
2.0,4.119
2.5,5.298
3.0,6.935
3.5,8.848
4.0,10.376
4.5,11.5
5.0,13.87
5.5,16.274
6.0,17.819
6.5,19.412
7.0,21.852
0.25,0.075
0.5,0.096
0.75,0.21
1.0,0.31
1.5,0.258
2.0,0.526
2.5,0.586
3.0,1.072
3.5,0.801
4.0,2.095
4.5,3.096
5.0,3.691
5.5,4.37
6.0,6.305
6.5,8.225
7.0,10.089
0.25,0.143
0.5,0.289
0.75,0.633
1.0,1.238
1.5,2.045
2.0,3.683
2.5,5.752
3.0,7.637
3.5,9.899
4.0,13.039
4.5,16.562
5.0,20.24
5.5,23.84
6.0,28.603
6.5,34.446
7.0,40.062
0.25,0.137
0.5,0.282
0.75,0.627
1.0,1.232
1.5,2.039
2.0,3.677
2.5,5.745
3.0,7.631
3.5,9.893
4.0,13.032
4.5,16.555
5.0,20.233
5.5,23.833
6.0,28.596
6.5,34.439
7.0,40.056
0.25,0.054
0.5,0.452
0.75,0.929
1.0,1.679
1.5,2.754
2.0,4.946
2.5,7.286
3.0,9.609
3.5,12.732
4.0,16.648
4.5,21.178
5.0,25.484
5.5,29.962
6.0,36.26
6.5,43.311
7.0,50.262
0.25,0.054
0.5,0.452
0.75,0.929
1.0,1.679
1.5,2.754
2.0,4.946
2.5,7.286
3.0,9.609
3.5,12.732
4.0,16.648
4.5,21.178
5.0,25.484
5.5,29.962
6.0,36.26
6.5,43.311
7.0,50.262
0.25,0.209
0.5,0.64
0.75,0.956
1.0,0.892
1.5,1.793
2.0,3.124
2.5,4.29
3.0,5.811
3.5,7.279
4.0,9.554
4.5,12.438
5.0,14.811
5.5,17.3
6.0,21.532
6.5,26.033
7.0,29.988
0.25,0.365
0.5,0.23
0.75,0.182
1.0,0.389
1.5,0.416
2.0,1.045
2.5,1.296
3.0,1.887
3.5,1.932
4.0,3.28
4.5,4.475
5.0,4.968
5.5,5.927
6.0,8.37
6.5,10.78
7.0,11.998
0.25,0.358
0.5,0.223
0.75,0.178
1.0,0.385
1.5,0.41
2.0,1.039
2.5,1.289
3.0,1.881
3.5,1.925
4.0,3.273
4.5,4.468
5.0,4.962
5.5,5.92
6.0,8.363
6.5,10.773
7.0,11.992
0.25,0.356
0.5,0.334
0.75,0.523
1.0,0.816
1.5,1.453
2.0,1.957
2.5,2.102
3.0,3.172
3.5,4.184
4.0,4.602
4.5,5.035
5.0,6.062
5.5,6.702
6.0,6.541
6.5,6.576
7.0,7.744
0.25,0.362
0.5,0.341
0.75,0.529
1.0,0.823
1.5,1.46
2.0,1.964
2.5,2.109
3.0,3.179
3.5,4.19
4.0,4.609
4.5,5.042
5.0,6.068
5.5,6.709
6.0,6.547
6.5,6.583
7.0,7.751
0.25,0.282
0.5,0.435
0.75,0.587
1.0,0.7
1.5,0.802
2.0,1.671
2.5,2.44
3.0,2.869
3.5,3.545
4.0,5.075
4.5,6.518
5.0,8.058
5.5,9.717
6.0,12.433
6.5,14.898
7.0,16.481
0.25,0.282
0.5,0.435
0.75,0.587
1.0,0.7
1.5,0.802
2.0,1.671
2.5,2.44
3.0,2.869
3.5,3.545
4.0,5.075
4.5,6.518
5.0,8.058
5.5,9.717
6.0,12.433
6.5,14.898
7.0,16.481
0.25,0.026
0.5,0.089
0.75,0.225
1.0,0.537
1.5,0.786
2.0,1.084
2.5,1.306
3.0,1.76
3.5,2.276
4.0,2.685
4.5,2.223
5.0,2.491
5.5,2.514
6.0,2.693
6.5,2.4
7.0,3.613
0.25,0.077
0.5,0.027
0.75,0.081
1.0,0.115
1.5,0.271
2.0,0.615
2.5,1.142
3.0,1.643
3.5,1.647
4.0,2.797
4.5,4.366
5.0,5.934
5.5,6.606
6.0,8.328
6.5,9.613
7.0,10.595
0.25,0.072
0.5,0.026
0.75,0.087
1.0,0.114
1.5,0.27
2.0,0.613
2.5,1.14
3.0,1.638
3.5,1.64
4.0,2.788
4.5,4.357
5.0,5.923
5.5,6.593
6.0,8.313
6.5,9.597
7.0,10.577
0.25,0.116
0.5,0.179
0.75,0.243
1.0,0.298
1.5,0.038
2.0,0.302
2.5,0.699
3.0,1.097
3.5,1.0
4.0,2.196
4.5,3.528
5.0,4.609
5.5,5.064
6.0,5.964
6.5,7.209
7.0,7.693
0.25,0.164
0.5,0.345
0.75,0.496
1.0,0.572
1.5,0.474
2.0,1.06
2.5,1.841
3.0,2.265
3.5,2.814
4.0,4.453
4.5,6.435
5.0,7.534
5.5,8.395
6.0,9.735
6.5,11.546
7.0,12.731
0.25,0.016
0.5,0.038
0.75,0.357
1.0,0.499
1.5,0.858
2.0,1.499
2.5,2.775
3.0,4.169
3.5,5.568
4.0,7.177
4.5,8.736
5.0,9.92
5.5,11.033
6.0,13.829
6.5,17.04
7.0,20.504
0.25,0.031
0.5,0.327
0.75,0.561
1.0,0.781
1.5,1.056
2.0,2.087
2.5,3.61
3.0,5.428
3.5,6.598
4.0,8.461
4.5,9.896
5.0,11.386
5.5,12.703
6.0,16.012
6.5,19.581
7.0,23.648
0.25,0.252
0.5,0.247
0.75,0.276
1.0,0.278
1.5,0.05
2.0,0.836
2.5,0.799
3.0,0.953
3.5,0.174
4.0,0.869
4.5,0.573
5.0,1.173
5.5,0.251
6.0,2.106
6.5,4.154
7.0,6.508
0.25,0.152
0.5,0.203
0.75,0.291
1.0,0.671
1.5,0.174
2.0,0.465
2.5,1.098
3.0,2.387
3.5,3.722
4.0,4.019
4.5,3.999
5.0,3.994
5.5,3.191
6.0,1.921
6.5,0.777
7.0,3.179
0.25,0.282
0.5,0.274
0.75,0.164
1.0,0.356
1.5,1.15
2.0,2.613
2.5,3.814
3.0,5.894
3.5,7.313
4.0,8.092
4.5,8.121
5.0,8.453
5.5,8.326
6.0,7.352
6.5,5.583
7.0,5.104
0.25,0.128
0.5,0.331
0.75,0.232
1.0,0.251
1.5,0.435
2.0,1.309
2.5,2.935
3.0,4.894
3.5,8.091
4.0,12.65
4.5,17.841
5.0,23.473
5.5,29.959
6.0,37.323
6.5,45.92
7.0,54.321
0.25,0.128
0.5,0.331
0.75,0.232
1.0,0.251
1.5,0.435
2.0,1.309
2.5,2.935
3.0,4.894
3.5,8.091
4.0,12.65
4.5,17.841
5.0,23.473
5.5,29.959
6.0,37.323
6.5,45.92
7.0,54.321
0.25,0.241
0.5,0.155
0.75,0.267
1.0,0.561
1.5,1.025
2.0,2.763
2.5,5.147
3.0,8.397
3.5,12.528
4.0,18.219
4.5,24.608
5.0,31.701
5.5,39.136
6.0,48.354
6.5,58.066
0.25,0.246
0.5,0.16
0.75,0.272
1.0,0.566
1.5,1.031
2.0,2.768
2.5,5.152
3.0,8.402
3.5,12.533
4.0,18.224
4.5,24.614
5.0,31.706
5.5,39.141
6.0,48.36
6.5,58.072
0.25,0.261
0.5,0.324
0.75,0.299
1.0,0.314
1.5,0.077
2.0,1.644
2.5,3.557
3.0,6.502
3.5,10.242
4.0,15.155
4.5,20.81
5.0,27.058
5.5,33.365
6.0,41.663
6.5,50.157
0.25,0.202
0.5,0.382
0.75,0.638
1.0,0.763
1.5,2.132
2.0,4.403
2.5,7.701
3.0,11.666
3.5,16.329
4.0,22.217
4.5,29.015
5.0,35.742
5.5,43.645
6.0,52.604
7.0,436.955
0.25,0.202
0.5,0.382
0.75,0.637
1.0,0.762
1.5,2.131
2.0,4.403
2.5,7.7
3.0,11.665
3.5,16.328
4.0,22.215
4.5,29.013
5.0,35.739
5.5,43.643
6.0,52.602
7.0,436.952
0.25,0.109
0.5,0.383
0.75,0.529
1.0,0.415
1.5,0.032
2.0,1.335
2.5,3.034
3.0,5.387
3.5,7.87
4.0,11.346
4.5,15.317
5.0,19.109
5.5,23.256
6.0,28.333
7.0,495.229
0.25,0.117
0.5,0.39
0.75,0.538
1.0,0.426
1.5,0.034
2.0,1.331
2.5,3.026
3.0,5.38
3.5,7.862
4.0,11.34
4.5,15.309
5.0,19.102
5.5,23.249
6.0,28.326
7.0,495.222
0.25,0.209
0.5,0.202
0.75,0.13
1.0,0.318
1.5,1.008
2.0,2.812
2.5,5.189
3.0,7.863
3.5,10.931
4.0,14.87
4.5,19.061
5.0,23.793
5.5,28.564
6.5,404.317
0.25,0.193
0.5,0.444
0.75,0.663
1.0,1.011
1.5,2.265
2.0,4.113
2.5,6.353
3.0,8.877
3.5,11.658
4.0,14.602
4.5,18.541
5.0,22.096
6.0,399.5
0.25,0.281
0.5,0.564
0.75,0.781
1.0,1.142
1.5,2.437
2.0,4.304
2.5,6.535
3.0,9.057
3.5,11.788
4.0,14.593
4.5,18.501
5.0,21.961
6.0,417.303
0.25,0.03
0.5,0.078
0.75,0.126
1.0,0.277
1.5,0.484
2.0,1.352
2.5,2.175
3.0,3.247
3.5,3.736
4.0,5.083
4.5,6.2
6.0,469.153
0.25,0.151
0.5,0.156
0.75,0.137
1.0,0.274
1.5,0.354
2.0,0.805
2.5,1.281
3.0,1.987
3.5,1.637
4.0,2.516
4.5,2.838
5.5,381.715
0.25,0.157
0.5,0.163
0.75,0.136
1.0,0.271
1.5,0.347
2.0,0.8
2.5,1.274
3.0,1.981
3.5,1.63
4.0,2.51
4.5,2.831
5.5,381.708
0.25,0.213
0.5,0.367
0.75,0.476
1.0,0.852
1.5,1.045
2.0,1.557
2.5,2.26
3.0,2.415
3.5,2.699
4.0,3.179
5.0,368.618
0.25,0.207
0.5,0.361
0.75,0.469
1.0,0.846
1.5,1.039
2.0,1.551
2.5,2.253
3.0,2.409
3.5,2.692
4.0,3.173
5.0,368.612
0.25,0.126
0.5,0.202
0.75,0.599
1.0,0.748
1.5,0.966
2.0,1.573
2.5,1.894
3.0,2.363
3.5,2.39
5.0,477.307
0.25,0.153
0.5,0.249
0.75,0.365
1.0,0.453
1.5,0.559
2.0,0.902
2.5,0.797
3.0,1.111
3.5,0.716
4.5,364.446
0.25,0.125
0.5,0.08
0.75,0.222
1.0,0.272
1.5,0.158
2.0,0.416
2.5,0.294
4.0,457.83
0.25,0.167
0.5,0.421
0.75,0.864
1.0,0.842
1.5,1.435
3.0,470.145
0.25,0.176
0.5,0.487
0.75,0.339
1.0,0.576
1.5,0.847
2.5,398.92
0.25,0.32
0.5,0.201
0.75,0.398
1.0,0.603
1.5,0.851
2.5,417.131
0.25,0.475
0.5,0.707
0.75,0.964
1.0,1.267
2.0,353.319
2.5,495.403
0.25,0.475
0.5,0.707
0.75,0.964
1.0,1.267
2.0,353.319
2.5,495.403
0.25,0.873
0.5,1.161
2.0,459.326
0.25,0.88
0.5,1.167
2.0,459.32
0.25,0.132
0.5,0.511
0.75,0.61
1.0,1.132
1.5,2.234
2.0,3.299
2.5,3.929
3.0,4.742
3.5,4.784
4.0,4.132
4.5,2.818
5.0,2.455
5.5,0.686
6.0,2.297
6.5,4.79
7.0,7.517
0.25,0.132
0.5,0.511
0.75,0.61
1.0,1.132
1.5,2.234
2.0,3.299
2.5,3.929
3.0,4.742
3.5,4.784
4.0,4.132
4.5,2.818
5.0,2.455
5.5,0.686
6.0,2.297
6.5,4.79
7.0,7.517
0.25,0.408
0.5,0.686
0.75,0.884
1.0,1.29
1.5,2.118
2.0,3.847
2.5,6.282
3.0,9.657
3.5,13.564
4.0,19.186
4.5,25.158
5.0,31.751
5.5,39.347
6.0,48.415
6.5,58.357
7.0,68.548
0.25,0.401
0.5,0.68
0.75,0.877
1.0,1.284
1.5,2.111
2.0,3.84
2.5,6.276
3.0,9.651
3.5,13.557
4.0,19.179
4.5,25.151
5.0,31.745
5.5,39.34
6.0,48.408
6.5,58.35
7.0,68.541
0.25,0.099
0.5,0.198
0.75,0.361
1.0,0.626
1.5,1.342
2.0,3.419
2.5,5.963
3.0,9.492
3.5,13.694
4.0,19.362
4.5,25.599
5.0,32.384
5.5,40.132
6.0,49.663
6.5,59.677
7.0,70.046
0.25,0.177
0.5,0.37
0.75,0.754
1.0,1.073
1.5,2.524
2.0,4.988
2.5,8.598
3.0,12.543
3.5,17.41
4.0,23.754
4.5,30.784
5.0,38.349
5.5,46.991
6.0,57.236
6.5,68.104
7.0,79.657
0.25,0.171
0.5,0.364
0.75,0.747
1.0,1.067
1.5,2.518
2.0,4.982
2.5,8.591
3.0,12.536
3.5,17.403
4.0,23.748
4.5,30.777
5.0,38.342
5.5,46.984
6.0,57.229
6.5,68.098
7.0,79.651
0.25,0.062
0.5,0.22
0.75,0.268
1.0,0.614
1.5,1.637
2.0,3.873
2.5,6.61
3.0,9.784
3.5,13.535
4.0,18.622
4.5,24.281
5.0,30.152
5.5,37.006
6.0,45.213
6.5,53.915
7.0,63.251
0.25,0.062
0.5,0.213
0.75,0.261
1.0,0.608
1.5,1.63
2.0,3.867
2.5,6.604
3.0,9.777
3.5,13.528
4.0,18.616
4.5,24.274
5.0,30.145
5.5,36.999
6.0,45.207
6.5,53.908
7.0,63.244
0.25,0.244
0.5,0.228
0.75,0.249
1.0,0.147
1.5,0.327
2.0,1.645
2.5,3.103
3.0,4.628
3.5,6.575
4.0,9.547
4.5,12.635
5.0,15.929
5.5,19.603
6.0,24.461
6.5,29.802
7.0,35.058
0.25,0.074
0.5,0.092
0.75,0.194
1.0,0.344
1.5,0.914
2.0,2.138
2.5,3.662
3.0,4.882
3.5,6.691
4.0,9.318
4.5,12.18
5.0,14.956
5.5,18.119
6.0,22.666
6.5,27.297
7.0,32.072
0.25,0.03
0.5,0.135
0.75,0.153
1.0,0.316
1.5,0.119
2.0,1.039
2.5,1.611
3.0,2.225
3.5,3.084
4.0,4.453
4.5,6.096
5.0,7.489
5.5,9.055
6.0,11.962
6.5,14.742
7.0,18.038
0.25,0.021
0.5,0.142
0.75,0.195
1.0,0.295
1.5,0.193
2.0,0.6
2.5,0.7
3.0,1.196
3.5,1.341
4.0,2.4
4.5,3.487
5.0,4.342
5.5,5.18
6.0,7.473
6.5,9.653
7.0,12.069
0.25,0.267
0.5,0.35
0.75,0.378
1.0,0.461
1.5,0.399
2.0,0.957
2.5,1.379
3.0,1.815
3.5,2.24
4.0,3.422
4.5,4.437
5.0,5.597
5.5,6.725
6.0,9.25
6.5,12.08
7.0,14.582
0.25,0.262
0.5,0.342
0.75,0.375
1.0,0.461
1.5,0.392
2.0,0.955
2.5,1.372
3.0,1.812
3.5,2.232
4.0,3.417
4.5,4.43
5.0,5.591
5.5,6.718
6.0,9.244
6.5,12.073
7.0,14.575
0.25,0.158
0.5,0.019
0.75,0.13
1.0,0.2
1.5,0.015
2.0,0.474
2.5,0.418
3.0,0.79
3.5,0.937
4.0,1.713
4.5,2.448
5.0,3.362
5.5,4.375
6.0,6.6
6.5,8.804
7.0,11.22
0.25,0.163
0.5,0.026
0.75,0.125
1.0,0.198
1.5,0.017
2.0,0.472
2.5,0.411
3.0,0.785
3.5,0.93
4.0,1.707
4.5,2.441
5.0,3.355
5.5,4.369
6.0,6.593
6.5,8.797
7.0,11.214
0.25,0.096
0.5,0.377
0.75,0.469
1.0,0.724
1.5,1.036
2.0,1.645
2.5,2.045
3.0,2.729
3.5,3.376
4.0,3.757
4.5,4.017
5.0,4.329
5.5,3.991
6.0,3.562
6.5,2.285
7.0,1.721
0.25,0.206
0.5,0.32
0.75,0.463
1.0,0.642
1.5,0.93
2.0,1.326
2.5,1.356
3.0,1.933
3.5,2.339
4.0,2.27
4.5,1.835
5.0,1.739
5.5,0.856
6.0,1.349
6.5,2.761
7.0,4.08
0.25,0.213
0.5,0.326
0.75,0.469
1.0,0.648
1.5,0.937
2.0,1.332
2.5,1.363
3.0,1.939
3.5,2.346
4.0,2.276
4.5,1.842
5.0,1.744
5.5,0.863
6.0,1.347
6.5,2.755
7.0,4.074
0.25,0.111
0.5,0.199
0.75,0.353
1.0,0.483
1.5,0.866
2.0,1.085
2.5,1.192
3.0,1.832
3.5,1.915
4.0,2.045
4.5,1.21
5.0,1.304
5.5,0.167
6.0,2.014
6.5,6.197
7.0,4.916
0.25,0.093
0.5,0.036
0.75,0.112
1.0,0.217
1.5,0.11
2.0,0.551
2.5,0.651
3.0,1.201
3.5,1.382
4.0,2.688
4.5,4.274
5.0,5.76
5.5,7.571
6.0,11.742
6.5,13.519
7.0,16.808
0.25,0.055
0.5,0.071
0.75,0.16
1.0,0.222
1.5,0.268
2.0,0.516
2.5,0.15
3.0,0.672
3.5,0.761
4.0,2.24
4.5,3.508
5.0,5.069
5.5,7.051
6.0,9.451
6.5,12.542
7.0,15.226
0.25,0.047
0.5,0.217
0.75,0.348
1.0,0.459
1.5,0.547
2.0,1.271
2.5,1.902
3.0,2.973
3.5,4.379
4.0,6.416
4.5,8.877
5.0,12.834
5.5,14.035
6.0,18.053
6.5,21.99
7.0,26.083
0.25,0.152
0.5,0.27
0.75,0.391
1.0,0.482
1.5,0.652
2.0,1.502
2.5,2.272
3.0,3.706
3.5,5.261
4.0,7.559
4.5,10.26
5.0,12.971
5.5,15.861
6.0,20.293
6.5,24.428
7.0,28.863
0.25,0.089
0.5,0.047
0.75,0.161
1.0,0.343
1.5,0.138
2.0,0.443
2.5,0.617
3.0,1.631
3.5,2.369
4.0,4.203
4.5,8.646
5.0,7.739
5.5,10.16
6.0,13.074
6.5,16.271
7.0,19.498
0.25,0.036
0.5,0.013
0.75,0.116
1.0,0.352
1.5,0.504
2.0,1.374
2.5,2.638
3.0,3.848
3.5,5.482
4.0,9.253
4.5,10.289
5.0,13.234
5.5,16.028
6.0,19.844
6.5,24.033
7.0,27.955
0.25,0.09
0.5,0.07
0.75,0.365
1.0,0.522
1.5,0.869
2.0,2.097
2.5,3.499
3.0,5.001
3.5,6.933
4.0,9.631
4.5,12.321
5.0,15.691
5.5,18.861
6.0,23.106
6.5,27.652
7.0,32.191
0.25,0.09
0.5,0.07
0.75,0.365
1.0,0.522
1.5,0.869
2.0,2.097
2.5,3.499
3.0,5.001
3.5,6.933
4.0,9.631
4.5,12.321
5.0,15.691
5.5,18.861
6.0,23.106
6.5,27.652
7.0,32.191
0.25,0.251
0.5,0.385
0.75,0.606
1.0,0.803
1.5,1.798
2.0,3.164
2.5,4.796
3.0,6.715
3.5,8.947
4.0,11.693
4.5,15.255
5.0,18.401
5.5,22.062
6.0,26.577
6.5,31.487
7.0,36.223
0.25,0.251
0.5,0.385
0.75,0.606
1.0,0.803
1.5,1.798
2.0,3.164
2.5,4.796
3.0,6.715
3.5,8.947
4.0,11.693
4.5,15.255
5.0,18.401
5.5,22.062
6.0,26.577
6.5,31.487
7.0,36.223
0.25,0.036
0.5,0.07
0.75,0.124
1.0,0.256
1.5,0.725
2.0,1.496
2.5,2.553
3.0,5.132
3.5,4.729
4.0,6.829
4.5,8.728
5.0,10.786
5.5,12.959
6.0,15.815
6.5,19.014
7.0,21.767
0.25,0.036
0.5,0.07
0.75,0.124
1.0,0.256
1.5,0.725
2.0,1.496
2.5,2.553
3.0,5.132
3.5,4.729
4.0,6.829
4.5,8.728
5.0,10.786
5.5,12.959
6.0,15.815
6.5,19.014
7.0,21.767
0.25,0.067
0.5,0.057
0.75,0.199
1.0,0.502
1.5,0.958
2.0,1.791
2.5,3.236
3.0,3.938
3.5,4.909
4.0,7.159
4.5,8.886
5.0,10.893
5.5,12.859
6.0,15.761
6.5,18.646
7.0,21.29
0.25,0.067
0.5,0.057
0.75,0.199
1.0,0.502
1.5,0.958
2.0,1.791
2.5,3.236
3.0,3.938
3.5,4.909
4.0,7.159
4.5,8.886
5.0,10.893
5.5,12.859
6.0,15.761
6.5,18.646
7.0,21.29
0.25,0.228
0.5,0.525
0.75,0.824
1.0,1.077
1.5,1.657
2.0,2.898
2.5,4.159
3.0,5.237
3.5,7.064
4.0,9.054
4.5,11.372
5.0,13.571
5.5,15.914
6.0,19.098
6.5,22.345
7.0,24.962
0.25,0.182
0.5,0.322
0.75,0.394
1.0,0.397
1.5,0.539
2.0,2.477
2.5,1.746
3.0,2.59
3.5,2.997
4.0,4.167
4.5,5.455
5.0,6.397
5.5,7.434
6.0,9.181
6.5,10.631
7.0,11.703
0.25,0.182
0.5,0.322
0.75,0.394
1.0,0.397
1.5,0.539
2.0,2.477
2.5,1.746
3.0,2.59
3.5,2.997
4.0,4.167
4.5,5.455
5.0,6.397
5.5,7.434
6.0,9.181
6.5,10.631
7.0,11.703
0.25,0.091
0.5,0.057
0.75,0.111
1.0,0.225
1.5,0.056
2.0,0.487
2.5,0.306
3.0,1.017
3.5,0.759
4.0,1.505
4.5,1.928
5.0,2.533
5.5,2.565
6.0,3.63
6.5,3.933
7.0,4.221
0.25,0.091
0.5,0.057
0.75,0.111
1.0,0.225
1.5,0.056
2.0,0.487
2.5,0.306
3.0,1.017
3.5,0.759
4.0,1.505
4.5,1.928
5.0,2.533
5.5,2.565
6.0,3.63
6.5,3.933
7.0,4.221
0.25,0.103
0.5,0.105
0.75,0.109
1.0,0.237
1.5,0.158
2.0,0.48
2.5,0.79
3.0,1.09
3.5,1.127
4.0,1.861
4.5,2.39
5.0,2.945
5.5,3.047
6.0,3.826
6.5,4.108
7.0,3.955
0.25,0.083
0.5,0.217
0.75,0.602
1.0,1.929
1.5,0.332
2.0,0.977
2.5,1.229
3.0,1.729
3.5,1.947
4.0,2.652
4.5,3.473
5.0,3.972
5.5,4.096
6.0,4.934
6.5,5.047
7.0,4.587
0.25,0.178
0.5,0.576
0.75,2.636
1.0,0.401
1.5,0.234
2.0,1.008
2.5,1.119
3.0,1.661
3.5,1.704
4.0,2.499
4.5,3.065
5.0,3.576
5.5,3.393
6.0,3.973
6.5,3.685
7.0,3.029
0.25,1.947
0.5,0.186
0.75,0.489
1.0,0.759
1.5,0.901
2.0,1.731
2.5,2.17
3.0,3.081
3.5,4.155
4.0,5.237
4.5,6.121
5.0,8.083
5.5,10.224
6.0,12.678
6.5,15.472
0.25,1.503
0.5,0.816
0.75,1.284
1.0,1.758
1.5,2.498
2.0,4.089
2.5,5.392
3.0,7.176
3.5,9.402
4.0,11.763
4.5,14.027
5.0,17.386
5.5,21.215
6.0,25.479
6.5,30.155
0.25,2.916
0.5,4.384
0.75,5.123
1.0,4.96
1.5,6.076
2.0,9.914
2.5,13.562
3.0,15.306
3.5,17.443
4.0,22.312
4.5,27.02
5.0,29.96
5.5,34.085
6.0,41.218
6.5,48.058
0.25,0.195
0.5,0.264
0.75,0.115
1.0,0.254
1.5,0.126
2.0,0.411
2.5,0.094
3.0,0.64
3.5,0.117
4.0,0.831
4.5,0.132
5.0,1.291
5.5,1.824
6.0,3.223
0.25,0.195
0.5,0.264
0.75,0.115
1.0,0.254
1.5,0.126
2.0,0.411
2.5,0.094
3.0,0.64
3.5,0.117
4.0,0.831
4.5,0.132
5.0,1.291
5.5,1.824
6.0,3.223
0.25,0.247
0.5,0.466
0.75,0.757
1.0,0.645
1.5,0.871
2.0,1.35
2.5,1.984
3.0,2.533
3.5,2.809
4.0,3.405
4.5,3.835
5.0,3.709
5.5,2.819
6.0,2.452
0.25,0.247
0.5,0.466
0.75,0.757
1.0,0.645
1.5,0.871
2.0,1.35
2.5,1.984
3.0,2.533
3.5,2.809
4.0,3.405
4.5,3.835
5.0,3.709
5.5,2.819
6.0,2.452
0.25,0.038
0.5,0.323
0.75,0.501
1.0,0.615
1.5,0.986
2.0,1.255
2.5,1.407
3.0,2.163
3.5,3.006
4.0,3.796
4.5,4.992
5.0,7.301
5.5,9.807
0.25,0.295
0.5,0.436
0.75,0.536
1.0,0.689
1.5,1.145
2.0,1.514
2.5,1.837
3.0,2.621
3.5,3.671
4.0,4.795
4.5,6.241
5.0,8.758
0.25,0.082
0.5,0.121
0.75,0.174
1.0,0.211
1.5,0.067
2.0,0.406
2.5,0.181
3.0,0.755
3.5,1.069
4.0,2.077
4.5,3.179
0.25,0.082
0.5,0.043
0.75,0.118
1.0,0.267
1.5,0.232
2.0,0.544
2.5,0.722
3.0,1.529
3.5,2.526
4.0,3.979
4.5,5.777
0.25,0.069
0.5,0.06
0.75,0.184
1.0,0.267
1.5,0.294
2.0,0.585
2.5,0.918
3.0,1.744
3.5,2.877
4.0,4.442
4.5,6.383
0.25,0.089
0.5,0.177
0.75,0.178
1.0,0.285
1.5,0.53
2.0,0.989
2.5,1.441
3.0,2.616
3.5,4.244
4.0,6.162
0.25,0.089
0.5,0.177
0.75,0.178
1.0,0.285
1.5,0.53
2.0,0.989
2.5,1.441
3.0,2.616
3.5,4.244
4.0,6.162
0.25,0.062
0.5,0.157
0.75,0.203
1.0,0.269
1.5,0.181
2.0,0.436
2.5,0.259
3.0,1.334
3.5,2.518
0.25,0.126
0.5,0.149
0.75,0.17
1.0,0.229
1.5,0.146
2.0,0.582
2.5,0.988
3.0,2.41
3.5,4.028
0.25,0.084
0.5,0.024
0.75,0.14
1.0,0.223
1.5,0.551
2.0,1.161
2.5,2.01
3.0,3.663
0.25,0.089
0.5,0.157
0.75,0.183
1.0,0.247
1.5,0.298
2.0,0.963
2.5,1.839
0.25,0.082
0.5,0.145
0.75,0.183
1.0,0.251
1.5,0.31
2.0,0.974
2.5,1.851
0.25,0.076
0.5,0.109
0.75,0.242
1.0,0.33
1.5,0.858
2.0,1.789
2.5,2.964
0.25,0.077
0.5,0.218
0.75,0.276
1.0,0.409
1.5,0.997
2.0,1.972
2.5,3.209
0.25,0.107
0.5,0.056
0.75,0.108
1.0,0.333
1.5,0.954
0.25,0.097
0.5,0.134
0.75,0.395
1.0,0.704
1.5,1.483
0.25,0.103
0.5,0.287
0.75,0.541
1.0,0.842
0.25,0.36
0.5,0.612
0.25,0.354
0.5,0.605
