{
  "X_mean": [
    6.254556655883789,
    0.24990715086460114,
    0.00266531971283257,
    73.7260513305664,
    0.0005995393148623407,
    586.7066650390625
  ],
  "X_std": [
    4.7681050300598145,
    0.012951011769473553,
    0.004626908339560032,
    25.421009063720703,
    0.0018411417258903384,
    253.23876953125
  ],
  "feature_names": [
    "time_since_epoch_hours",
    "mean_motion_rev_per_day",
    "eccentricity",
    "inclination_deg",
    "bstar",
    "altitude_km"
  ],
  "target": "along_track_error_km",
  "input_dim": 6,
  "hidden_dims": [
    256,
    128,
    64,
    32
  ],
  "trained_on_norad_ids": [
    43017,
    43137,
    25544,
    27607,
    39084,
    48274,
    44235,
    25338,
    28654,
    20580,
    41240,
    25994
  ],
  "n_train": 6529,
  "n_val": 1398,
  "n_test": 1398,
  "best_epoch": 119,
  "val_within_pct": 98.43,
  "test_within_pct": 97.71,
  "accuracy_threshold_km": 10.0,
  "trained_at": "2026-05-25T09:17:09.973495"
}